causeid,long_desc
respinfect,"['paratyphoid', 'fever', 'unspecified']"
infect,"['salmonella', 'sepsis']"
enteric_all,"['enteroinvasive', 'escherichia', 'coli', 'infection']"
enteric_all,"['intestinal', 'escherichia', 'coli', 'infections']"
enteric_all,"['campylobacter', 'enteritis']"
skin,"['enteritis', 'due', 'yersinia', 'enterocolitica']"
enteric_all,"['enterocolitis', 'due', 'clostridium', 'difficile']"
enteric_all,"['specified', 'bacterial', 'intestinal', 'infections']"
enteric_all,"['bacterial', 'intestinal', 'infection', 'unspecified']"
enteric_all,['isosporiasis']
infect,"['acute', 'gastroenteropathy', 'due', 'norwalk', 'agent', 'small', 'round', 'viruses']"
infect,"['viral', 'enteritis']"
infect,"['viral', 'intestinal', 'infection', 'unspecified']"
enteric_all,"['infectious', 'gastroenteritis', 'colitis', 'unspecified']"
respinfect,"['tuberculosis', 'genitourinary', 'system']"
respinfect,"['tuberculous', 'peripheral', 'lymphadenopathy']"
respinfect,"['tuberculosis', 'intestines', 'peritoneum', 'mesenteric', 'glands']"
respinfect,"['tuberculosis', 'specified', 'organs']"
respinfect,"['miliary', 'tuberculosis', 'unspecified']"
infect,"['listerial', 'meningitis', 'meningoencephalitis']"
infect,"['listerial', 'sepsis']"
infect,"['meningococcemia', 'unspecified']"
respinfect,"['legionnaires', 'disease']"
hiv_std,"['congenital', 'syphilis', 'unspecified']"
hiv_std,"['syphilis', 'unspecified']"
infect,"['progressive', 'multifocal', 'leukoencephalopathy']"
infect,"['specified', 'viral', 'encephalitis']"
infect,"['unspecified', 'viral', 'encephalitis']"
infect,"['viral', 'meningitis', 'unspecified']"
infect,"['herpesviral', 'meningitis']"
infect,"['herpesviral', 'encephalitis']"
infect,"['herpesviral', 'infection', 'unspecified']"
infect,"['varicella', 'encephalitis', 'myelitis', 'encephalomyelitis']"
infect,"['varicella', 'without', 'complication']"
hiv_std,"['zoster', 'encephalitis']"
infect,"['zoster', 'nervous', 'system', 'involvement']"
infect,"['zoster', 'ocular', 'disease']"
infect,"['disseminated', 'zoster']"
infect,"['zoster', 'without', 'complications']"
infect,"['hepatitis', 'without', 'hepatic', 'coma']"
infect,"['acute', 'hepatitis', 'b', 'without', 'deltaagent', 'hepatic', 'coma']"
infect,"['acute', 'hepatitis', 'b', 'without', 'deltaagent', 'without', 'hepatic', 'coma']"
infect,"['acute', 'hepatitis', 'c']"
digest,"['chronic', 'viral', 'hepatitis', 'b', 'without', 'deltaagent']"
digest,"['chronic', 'viral', 'hepatitis', 'c']"
infect,"['unspecified', 'viral', 'hepatitis', 'without', 'hepatic', 'coma']"
infect,"['cytomegaloviral', 'diseases']"
infect,"['cytomegaloviral', 'disease', 'unspecified']"
infect,"['infectious', 'mononucleosis', 'unspecified']"
cvd,"['viral', 'carditis']"
infect,"['retrovirus', 'infections', 'elsewhere', 'classified']"
infect,"['specified', 'viral', 'diseases']"
infect,"['mycetoma', 'unspecified']"
infect,"['unspecified', 'mycosis']"
infect,['pneumocystosis']
ntd,['naegleriasis']
respinfect,"['sequelae', 'tuberculosis', 'organs']"
respinfect,"['sequelae', 'respiratory', 'unspecified', 'tuberculosis']"
infect,"['sequelae', 'poliomyelitis']"
infect,"['sequelae', 'viral', 'encephalitis']"
infect,"['sequelae', 'viral', 'hepatitis']"
neo,"['malignant', 'neoplasm', 'lip', 'unspecified']"
neo,"['malignant', 'neoplasm', 'base', 'tongue']"
neo,"['malignant', 'neoplasm', 'tongue', 'unspecified']"
neo,"['malignant', 'neoplasm', 'upper', 'gum']"
neo,"['malignant', 'neoplasm', 'lower', 'gum']"
neo,"['malignant', 'neoplasm', 'gum', 'unspecified']"
neo,"['malignant', 'neoplasm', 'floor', 'mouth', 'unspecified']"
neo,"['malignant', 'neoplasm', 'hard', 'palate']"
neo,"['malignant', 'neoplasm', 'soft', 'palate']"
neo,"['malignant', 'neoplasm', 'uvula']"
neo,"['malignant', 'neoplasm', 'palate', 'unspecified']"
neo,"['malignant', 'neoplasm', 'cheek', 'mucosa']"
neo,"['malignant', 'neoplasm', 'retromolar', 'area']"
neo,"['malignant', 'neoplasm', 'overlapping', 'sites', 'unspecified', 'parts', 'mouth']"
neo,"['malignant', 'neoplasm', 'mouth', 'unspecified']"
neo,"['malignant', 'neoplasm', 'parotid', 'gland']"
neo,"['malignant', 'neoplasm', 'major', 'salivary', 'gland', 'unspecified']"
neo,"['malignant', 'neoplasm', 'tonsillar', 'fossa']"
neo,"['malignant', 'neoplasm', 'tonsil', 'unspecified']"
neo,"['malignant', 'neoplasm', 'oropharynx', 'unspecified']"
neo,"['malignant', 'neoplasm', 'posterior', 'wall', 'nasopharynx']"
neo,"['malignant', 'neoplasm', 'nasopharynx', 'unspecified']"
neo,"['malignant', 'neoplasm', 'pyriform', 'sinus']"
neo,"['malignant', 'neoplasm', 'hypopharynx', 'unspecified']"
neo,"['malignant', 'neoplasm', 'upper', 'third', 'esophagus']"
neo,"['malignant', 'neoplasm', 'middle', 'third', 'esophagus']"
neo,"['malignant', 'neoplasm', 'lower', 'third', 'esophagus']"
neo,"['malignant', 'neoplasm', 'esophagus', 'unspecified']"
neo,"['malignant', 'neoplasm', 'fundus', 'stomach']"
neo,"['malignant', 'neoplasm', 'pyloric', 'antrum']"
neo,"['malignant', 'neoplasm', 'pylorus']"
neo,"['malignant', 'neoplasm', 'stomach', 'unspecified']"
neo,"['malignant', 'neoplasm', 'jejunum']"
neo,"['malignant', 'neoplasm', 'ileum']"
neo,"['malignant', 'neoplasm', 'small', 'intestine', 'unspecified']"
neo,"['malignant', 'neoplasm', 'appendix']"
neo,"['malignant', 'neoplasm', 'ascending', 'colon']"
neo,"['malignant', 'neoplasm', 'hepatic', 'flexure']"
neo,"['malignant', 'neoplasm', 'transverse', 'colon']"
neo,"['malignant', 'neoplasm', 'splenic', 'flexure']"
neo,"['malignant', 'neoplasm', 'descending', 'colon']"
neo,"['malignant', 'neoplasm', 'sigmoid', 'colon']"
neo,"['malignant', 'neoplasm', 'overlapping', 'sites', 'colon']"
neo,"['malignant', 'neoplasm', 'colon', 'unspecified']"
neo,"['malignant', 'neoplasm', 'rectosigmoid', 'junction']"
neo,"['malignant', 'neoplasm', 'rectum']"
neo,"['malignant', 'neoplasm', 'anal', 'canal']"
neo,"['malignant', 'neoplasm', 'overlapping', 'sites', 'rectum', 'anus', 'anal', 'canal']"
neo,"['intrahepatic', 'bile', 'duct', 'carcinoma']"
neo,['hepatoblastoma']
neo,"['angiosarcoma', 'liver']"
neo,"['malignant', 'neoplasm', 'liver', 'specified', 'primary', 'secondary']"
neo,"['malignant', 'neoplasm', 'gallbladder']"
neo,"['malignant', 'neoplasm', 'ampulla', 'vater']"
neo,"['malignant', 'neoplasm', 'overlapping', 'sites', 'biliary', 'tract']"
neo,"['malignant', 'neoplasm', 'biliary', 'tract', 'unspecified']"
neo,"['malignant', 'neoplasm', 'body', 'pancreas']"
neo,"['malignant', 'neoplasm', 'tail', 'pancreas']"
neo,"['malignant', 'neoplasm', 'endocrine', 'pancreas']"
neo,"['malignant', 'neoplasm', 'parts', 'pancreas']"
neo,"['malignant', 'neoplasm', 'overlapping', 'sites', 'pancreas']"
neo,"['malignant', 'neoplasm', 'pancreas', 'unspecified']"
neo,"['malignant', 'neoplasm', 'middle', 'ear']"
neo,"['malignant', 'neoplasm', 'ethmoidal', 'sinus']"
neo,"['malignant', 'neoplasm', 'frontal', 'sinus']"
neo,"['malignant', 'neoplasm', 'sphenoid', 'sinus']"
neo,"['malignant', 'neoplasm', 'accessory', 'sinus', 'unspecified']"
neo,"['malignant', 'neoplasm', 'supraglottis']"
neo,"['malignant', 'neoplasm', 'laryngeal', 'cartilage']"
neo,"['malignant', 'neoplasm', 'larynx', 'unspecified']"
neo,"['malignant', 'neoplasm', 'trachea']"
neo,"['malignant', 'neoplasm', 'upper', 'lobe', 'bronchus', 'lung']"
neo,"['malignant', 'neoplasm', 'middle', 'lobe', 'bronchus', 'lung']"
neo,"['malignant', 'neoplasm', 'lower', 'lobe', 'bronchus', 'lung']"
neo,"['malignant', 'neoplasm', 'unspecified', 'part', 'bronchus', 'lung']"
neo,"['malignant', 'neoplasm', 'thymus']"
neo,"['malignant', 'neoplasm', 'mediastinum', 'part', 'unspecified']"
neo,"['malignant', 'neoplasm', 'pleura']"
neo,"['malignant', 'neoplasm', 'long', 'bones', 'lower', 'limb']"
neo,"['malignant', 'neoplasm', 'unspecified', 'bones', 'articular', 'cartilage', 'limb']"
neo,"['malignant', 'neoplasm', 'mandible']"
neo,"['malignant', 'neoplasm', 'vertebral', 'column']"
neo,"['malignant', 'neoplasm', 'ribs', 'sternum', 'clavicle']"
neo,"['malignant', 'neoplasm', 'pelvic', 'bones', 'sacrum', 'coccyx']"
neo,"['malignant', 'neoplasm', 'bone', 'articular', 'cartilage', 'unspecified']"
neo,"['malignant', 'melanoma', 'eyelid', 'including', 'canthus']"
neo,"['malignant', 'melanoma', 'ear', 'external', 'auricular', 'canal']"
neo,"['malignant', 'melanoma', 'unspecified', 'parts', 'face']"
neo,"['malignant', 'melanoma', 'scalp', 'neck']"
neo,"['malignant', 'melanoma', 'trunk']"
neo,"['malignant', 'melanoma', 'upper', 'limb', 'including', 'shoulder']"
neo,"['malignant', 'melanoma', 'lower', 'limb', 'including', 'hip']"
neo,"['malignant', 'melanoma', 'skin', 'unspecified']"
neo,"['unspecified', 'malignant', 'neoplasm', 'skin', 'ear', 'external', 'auricular', 'canal']"
neo,"['unspecified', 'malignant', 'neoplasm', 'skin', 'unspecified', 'parts', 'face']"
neo,"['unspecified', 'malignant', 'neoplasm', 'skin', 'scalp', 'neck']"
neo,"['unspecified', 'malignant', 'neoplasm', 'skin', 'trunk']"
neo,"['unspecified', 'malignant', 'neoplasm', 'skin', 'upper', 'limb', 'including', 'shoulder']"
neo,"['unspecified', 'malignant', 'neoplasm', 'skin', 'lower', 'limb', 'including', 'hip']"
neo,"['unspecified', 'malignant', 'neoplasm', 'skin', 'unspecified']"
neo,"['mesothelioma', 'peritoneum']"
neo,"['mesothelioma', 'sites']"
neo,"['mesothelioma', 'unspecified']"
neo,"['malignant', 'neoplasm', 'peripheral', 'nerves', 'upper', 'limb', 'including', 'shoulder']"
neo,"['malignant', 'neoplasm', 'peripheral', 'nerves', 'lower', 'limb', 'including', 'hip']"
neo,"['malignant', 'neoplasm', 'peripheral', 'nerves', 'thorax']"
neo,"['malignant', 'neoplasm', 'peripheral', 'nerves', 'pelvis']"
neo,"['malignant', 'neoplasm', 'peripheral', 'nerves', 'autonomic', 'nervous', 'system', 'unspecified']"
neo,"['malignant', 'neoplasm', 'specified', 'parts', 'peritoneum']"
neo,"['malignant', 'neoplasm', 'peritoneum', 'unspecified']"
neo,"['malignant', 'neoplasm', 'connective', 'soft', 'tissue', 'upper', 'limb', 'including', 'shoulder']"
neo,"['malignant', 'neoplasm', 'connective', 'soft', 'tissue', 'lower', 'limb', 'including', 'hip']"
neo,"['malignant', 'neoplasm', 'connective', 'soft', 'tissue', 'thorax']"
neo,"['malignant', 'neoplasm', 'connective', 'soft', 'tissue', 'abdomen']"
neo,"['malignant', 'neoplasm', 'connective', 'soft', 'tissue', 'pelvis']"
neo,"['malignant', 'neoplasm', 'overlapping', 'sites', 'connective', 'soft', 'tissue']"
neo,"['malignant', 'neoplasm', 'connective', 'soft', 'tissue', 'unspecified']"
neo,"['malignant', 'neoplasm', 'central', 'portion', 'breast']"
neo,"['malignant', 'neoplasm', 'breast', 'unspecified', 'site']"
neo,"['malignant', 'neoplasm', 'vulva', 'unspecified']"
neo,"['malignant', 'neoplasm', 'vagina']"
neo,"['malignant', 'neoplasm', 'cervix', 'uteri', 'unspecified']"
neo,"['malignant', 'neoplasm', 'endometrium']"
neo,"['malignant', 'neoplasm', 'corpus', 'uteri', 'unspecified']"
neo,"['malignant', 'neoplasm', 'uterus', 'part', 'unspecified']"
neo,"['malignant', 'neoplasm', 'ovary']"
neo,"['malignant', 'neoplasm', 'specified', 'female', 'genital', 'organs']"
neo,"['malignant', 'neoplasm', 'overlapping', 'sites', 'female', 'genital', 'organs']"
neo,"['malignant', 'neoplasm', 'penis', 'unspecified']"
neo,"['malignant', 'neoplasm', 'prostate']"
neo,"['malignant', 'neoplasm', 'testis', 'unspecified', 'whether', 'descended', 'undescended']"
neo,"['malignant', 'neoplasm', 'spermatic', 'cord']"
neo,"['malignant', 'neoplasm', 'scrotum']"
neo,"['malignant', 'neoplasm', 'kidney', 'except', 'renal', 'pelvis']"
neo,"['malignant', 'neoplasm', 'renal', 'pelvis']"
neo,"['malignant', 'neoplasm', 'ureter']"
neo,"['malignant', 'neoplasm', 'urachus']"
neo,"['malignant', 'neoplasm', 'bladder', 'unspecified']"
neo,"['malignant', 'neoplasm', 'overlapping', 'sites', 'urinary', 'organs']"
neo,"['malignant', 'neoplasm', 'retina']"
neo,"['malignant', 'neoplasm', 'choroid']"
neo,"['malignant', 'neoplasm', 'ciliary', 'body']"
neo,"['malignant', 'neoplasm', 'lacrimal', 'gland', 'duct']"
neo,"['malignant', 'neoplasm', 'orbit']"
neo,"['malignant', 'neoplasm', 'unspecified', 'site', 'eye']"
neo,"['malignant', 'neoplasm', 'meninges', 'unspecified']"
neo,"['malignant', 'neoplasm', 'frontal', 'lobe']"
neo,"['malignant', 'neoplasm', 'temporal', 'lobe']"
neo,"['malignant', 'neoplasm', 'parietal', 'lobe']"
neo,"['malignant', 'neoplasm', 'occipital', 'lobe']"
neo,"['malignant', 'neoplasm', 'cerebral', 'ventricle']"
neo,"['malignant', 'neoplasm', 'cerebellum']"
neo,"['malignant', 'neoplasm', 'brain', 'stem']"
neo,"['malignant', 'neoplasm', 'overlapping', 'sites', 'brain']"
neo,"['malignant', 'neoplasm', 'brain', 'unspecified']"
neo,"['malignant', 'neoplasm', 'olfactory', 'nerve']"
neo,"['malignant', 'neoplasm', 'acoustic', 'nerve']"
neo,"['malignant', 'neoplasm', 'central', 'nervous', 'system', 'unspecified']"
neo,"['malignant', 'neoplasm', 'thyroid', 'gland']"
neo,"['malignant', 'neoplasm', 'medulla', 'adrenal', 'gland']"
neo,"['malignant', 'neoplasm', 'unspecified', 'part', 'adrenal', 'gland']"
neo,"['malignant', 'neoplasm', 'pituitary', 'gland']"
neo,"['malignant', 'neoplasm', 'pineal', 'gland']"
neo,"['malignant', 'neoplasm', 'aortic', 'body', 'paraganglia']"
neo,"['hodgkin', 'lymphoma', 'unspecified']"
neo,"['follicular', 'lymphoma', 'grade', 'ii']"
neo,"['follicular', 'lymphoma', 'unspecified']"
neo,"['mantle', 'cell', 'lymphoma']"
neo,"['diffuse', 'large', 'bcell', 'lymphoma']"
neo,"['lymphoblastic', 'diffuse', 'lymphoma']"
neo,"['burkitt', 'lymphoma']"
neo,"['nonfollicular', 'lymphoma']"
neo,"['nonfollicular', 'diffuse', 'lymphoma', 'unspecified']"
neo,"['peripheral', 'tcell', 'lymphoma', 'classified']"
neo,"['unspecified', 'bcell', 'lymphoma']"
neo,"['mediastinal', 'thymic', 'large', 'bcell', 'lymphoma']"
neo,"['nonhodgkin', 'lymphoma', 'unspecified']"
neo,"['heavy', 'chain', 'disease']"
neo,"['plasma', 'cell', 'leukemia']"
neo,"['extramedullary', 'plasmacytoma']"
neo,"['chronic', 'lymphocytic', 'leukemia', 'bcell', 'type']"
neo,"['prolymphocytic', 'leukemia', 'bcell', 'type']"
neo,"['hairy', 'cell', 'leukemia']"
neo,"['adult', 'tcell', 'lymphomaleukemia', 'htlv1associated']"
neo,"['lymphoid', 'leukemia', 'unspecified']"
neo,"['chronic', 'myeloid', 'leukemia', 'bcrablpositive']"
neo,"['atypical', 'chronic', 'myeloid', 'leukemia', 'bcrablnegative']"
neo,"['myeloid', 'sarcoma']"
neo,"['acute', 'promyelocytic', 'leukemia']"
neo,"['acute', 'myelomonocytic', 'leukemia']"
neo,"['myeloid', 'leukemia', 'unspecified']"
neo,"['chronic', 'myelomonocytic', 'leukemia']"
neo,"['monocytic', 'leukemia', 'unspecified']"
neo,"['acute', 'panmyelosis', 'myelofibrosis']"
neo,"['chronic', 'leukemia', 'unspecified', 'cell', 'type']"
neo,"['leukemia', 'unspecified']"
neo,"['malignant', 'mast', 'cell', 'neoplasm']"
neo,"['unifocal', 'langerhanscell', 'histiocytosis']"
neo,"['malignant', 'neoplasm', 'lymphoid', 'hematopoietic', 'related', 'tissue', 'unspecified']"
neo,"['benign', 'neoplasm', 'colon', 'unspecified']"
neo,"['benign', 'neoplasm', 'stomach']"
neo,"['benign', 'neoplasm', 'liver']"
neo,"['benign', 'neoplasm', 'pancreas']"
neo,"['benign', 'neoplasm', 'endocrine', 'pancreas']"
neo,"['benign', 'neoplasm', 'bronchus', 'lung']"
neo,"['benign', 'neoplasm', 'heart']"
neo,"['benign', 'neoplasm', 'specified', 'intrathoracic', 'organs']"
neo,"['benign', 'neoplasm', 'bones', 'skull', 'face']"
neo,"['benign', 'neoplasm', 'lower', 'jaw', 'bone']"
neo,"['benign', 'neoplasm', 'skin', 'unspecified']"
otherncd,"['leiomyoma', 'uterus', 'unspecified']"
neo,"['benign', 'neoplasm', 'ovary']"
neo,"['benign', 'neoplasm', 'bladder']"
neo,"['benign', 'neoplasm', 'spinal', 'meninges']"
neo,"['benign', 'neoplasm', 'meninges', 'unspecified']"
neo,"['benign', 'neoplasm', 'brain', 'infratentorial']"
neo,"['benign', 'neoplasm', 'brain', 'unspecified']"
neo,"['benign', 'neoplasm', 'cranial', 'nerves']"
neo,"['benign', 'neoplasm', 'specified', 'parts', 'central', 'nervous', 'system']"
neo,"['benign', 'neoplasm', 'pituitary', 'gland']"
neo,"['benign', 'neoplasm', 'peripheral', 'nerves', 'autonomic', 'nervous', 'system']"
neo,"['neoplasm', 'uncertain', 'behavior', 'stomach']"
neo,"['neoplasm', 'uncertain', 'behavior', 'small', 'intestine']"
neo,"['neoplasm', 'uncertain', 'behavior', 'colon']"
neo,"['neoplasm', 'uncertain', 'behavior', 'rectum']"
neo,"['neoplasm', 'uncertain', 'behavior', 'trachea', 'bronchus', 'lung']"
neo,"['neoplasm', 'uncertain', 'behavior', 'mediastinum']"
neo,"['neoplasm', 'uncertain', 'behavior', 'respiratory', 'organs']"
neo,"['neoplasm', 'uncertain', 'behavior', 'ovary']"
neo,"['neoplasm', 'uncertain', 'behavior', 'ureter']"
neo,"['neoplasm', 'uncertain', 'behavior', 'bladder']"
neo,"['neoplasm', 'uncertain', 'behavior', 'meninges', 'unspecified']"
neo,"['neoplasm', 'uncertain', 'behavior', 'brain', 'infratentorial']"
neo,"['neoplasm', 'uncertain', 'behavior', 'brain', 'unspecified']"
neo,"['neoplasm', 'uncertain', 'behavior', 'spinal', 'cord']"
neo,"['neoplasm', 'uncertain', 'behavior', 'central', 'nervous', 'system', 'unspecified']"
neo,"['neoplasm', 'uncertain', 'behavior', 'pituitary', 'gland']"
neo,"['neoplasm', 'uncertain', 'behavior', 'craniopharyngeal', 'duct']"
neo,"['neoplasm', 'uncertain', 'behavior', 'pineal', 'gland']"
neo,"['neoplasm', 'uncertain', 'behavior', 'aortic', 'body', 'paraganglia']"
neo,"['polycythemia', 'vera']"
neo,"['refractory', 'anemia', 'unspecified']"
neo,"['myelodysplastic', 'syndrome', 'unspecified']"
neo,"['chronic', 'myeloproliferative', 'disease']"
neo,"['monoclonal', 'gammopathy']"
neo,"['essential', 'hemorrhagic', 'thrombocythemia']"
neo,['osteomyelofibrosis']
neo,"['neoplasm', 'uncertain', 'behavior', 'lymphoid', 'hematopoietic', 'related', 'tissue', 'unspecified']"
neo,"['neoplasm', 'uncertain', 'behavior', 'connective', 'soft', 'tissue']"
neo,"['neoplasm', 'uncertain', 'behavior', 'retroperitoneum']"
neo,"['neoplasm', 'uncertain', 'behavior', 'skin']"
nutrition,"['iron', 'deficiency', 'anemias']"
nutrition,"['nutritional', 'anemia', 'unspecified']"
otherncd,"['beta', 'thalassemia']"
otherncd,"['deltabeta', 'thalassemia']"
otherncd,"['thalassemia', 'unspecified']"
otherncd,"['sicklecell', 'disease', 'without', 'crisis']"
otherncd,"['hereditary', 'elliptocytosis']"
otherncd,"['hereditary', 'hemolytic', 'anemia', 'unspecified']"
otherncd,"['autoimmune', 'hemolytic', 'anemias']"
otherncd,"['acquired', 'pure', 'red', 'cell', 'aplasia', 'unspecified']"
otherncd,"['aplastic', 'anemia', 'unspecified']"
neo,"['disseminated', 'intravascular', 'coagulation', 'defibrination', 'syndrome']"
otherncd,"['hereditary', 'factor', 'viii', 'deficiency']"
otherncd,"['hereditary', 'deficiency', 'clotting', 'factors']"
otherncd,"['acquired', 'coagulation', 'factor', 'deficiency']"
otherncd,"['primary', 'thrombophilia']"
otherncd,['thrombophilia']
otherncd,"['specified', 'coagulation', 'defects']"
otherncd,"['coagulation', 'defect', 'unspecified']"
otherncd,"['immune', 'thrombocytopenic', 'purpura']"
otherncd,"['primary', 'thrombocytopenia']"
otherncd,"['secondary', 'thrombocytopenia']"
otherncd,"['thrombocytopenia', 'unspecified']"
otherncd,['neutropenia']
otherncd,"['functional', 'disorders', 'polymorphonuclear', 'neutrophils']"
otherncd,['eosinophilia']
otherncd,"['specified', 'disorders', 'white', 'blood', 'cells']"
otherncd,['hypersplenism']
otherncd,"['infarction', 'spleen']"
otherncd,"['disease', 'spleen', 'unspecified']"
otherncd,"['specified', 'diseases', 'blood', 'bloodforming', 'organs']"
otherncd,"['hemophagocytic', 'lymphohistiocytosis']"
otherncd,"['hemophagocytic', 'syndrome', 'infectionassociated']"
otherncd,"['sarcoidosis', 'sites']"
resp,"['sarcoidosis', 'unspecified']"
otherncd,"['hypergammaglobulinemia', 'unspecified']"
otherncd,"['myxedema', 'coma']"
otherncd,"['hypothyroidism', 'unspecified']"
otherncd,"['specified', 'nontoxic', 'goiter']"
otherncd,"['nontoxic', 'goiter', 'unspecified']"
otherncd,"['thyrotoxicosis', 'unspecified']"
nutrition,"['acute', 'thyroiditis']"
otherncd,"['autoimmune', 'thyroiditis']"
otherncd,"['disorder', 'thyroid', 'unspecified']"
diab_ckd,"['type', '1', 'diabetes', 'mellitus', 'ketoacidosis']"
diab_ckd,"['type', '1', 'diabetes', 'mellitus', 'kidney', 'complications']"
diab_ckd,"['type', '1', 'diabetes', 'mellitus', 'ophthalmic', 'complications']"
diab_ckd,"['type', '1', 'diabetes', 'mellitus', 'neurological', 'complications']"
diab_ckd,"['type', '1', 'diabetes', 'mellitus', 'circulatory', 'complications']"
diab_ckd,"['type', '1', 'diabetes', 'mellitus', 'specified', 'complications']"
diab_ckd,"['type', '1', 'diabetes', 'mellitus', 'unspecified', 'complications']"
diab_ckd,"['type', '1', 'diabetes', 'mellitus', 'without', 'complications']"
diab_ckd,"['type', '2', 'diabetes', 'mellitus', 'ketoacidosis']"
diab_ckd,"['type', '2', 'diabetes', 'mellitus', 'kidney', 'complications']"
diab_ckd,"['type', '2', 'diabetes', 'mellitus', 'ophthalmic', 'complications']"
diab_ckd,"['type', '2', 'diabetes', 'mellitus', 'neurological', 'complications']"
diab_ckd,"['type', '2', 'diabetes', 'mellitus', 'circulatory', 'complications']"
diab_ckd,"['type', '2', 'diabetes', 'mellitus', 'specified', 'complications']"
diab_ckd,"['type', '2', 'diabetes', 'mellitus', 'unspecified', 'complications']"
diab_ckd,"['type', '2', 'diabetes', 'mellitus', 'without', 'complications']"
otherncd,"['nondiabetic', 'hypoglycemic', 'coma']"
otherncd,"['hypoglycemia', 'unspecified']"
otherncd,"['increased', 'secretion', 'gastrin']"
otherncd,"['hyperparathyroidism', 'unspecified']"
otherncd,"['syndrome', 'inappropriate', 'secretion', 'antidiuretic', 'hormone']"
otherncd,"['diabetes', 'insipidus']"
otherncd,"['disorders', 'pituitary', 'gland']"
otherncd,"['cushings', 'syndrome', 'unspecified']"
otherncd,"['hyperaldosteronism', 'unspecified']"
otherncd,"['primary', 'adrenocortical', 'insufficiency']"
otherncd,"['addisonian', 'crisis']"
otherncd,"['unspecified', 'adrenocortical', 'insufficiency']"
otherncd,"['disorder', 'adrenal', 'gland', 'unspecified']"
otherncd,"['disease', 'thymus', 'unspecified']"
otherncd,"['specified', 'endocrine', 'disorders']"
otherncd,"['nutritional', 'marasmus']"
otherncd,"['unspecified', 'severe', 'proteincalorie', 'malnutrition']"
otherncd,"['unspecified', 'proteincalorie', 'malnutrition']"
nutrition,"['deficiency', 'specified', 'b', 'group', 'vitamins']"
nutrition,"['nutritional', 'deficiency', 'unspecified']"
otherncd,"['morbid', 'severe', 'obesity', 'alveolar', 'hypoventilation']"
otherncd,['obesity']
otherncd,"['obesity', 'unspecified']"
otherncd,"['disorders', 'branchedchain', 'aminoacid', 'metabolism']"
otherncd,"['disorder', 'branchedchain', 'aminoacid', 'metabolism', 'unspecified']"
otherncd,"['disorders', 'fattyacid', 'metabolism']"
otherncd,"['disorders', 'sulfurbearing', 'aminoacid', 'metabolism']"
otherncd,"['disorders', 'urea', 'cycle', 'metabolism']"
otherncd,"['disorders', 'lysine', 'hydroxylysine', 'metabolism']"
otherncd,"['disorders', 'ornithine', 'metabolism']"
otherncd,"['disorders', 'glycine', 'metabolism']"
otherncd,"['specified', 'disorders', 'aminoacid', 'metabolism']"
otherncd,"['disorders', 'galactose', 'metabolism']"
otherncd,"['disorders', 'intestinal', 'carbohydrate', 'absorption']"
otherncd,"['disorders', 'pyruvate', 'metabolism', 'gluconeogenesis']"
otherncd,"['unspecified', 'gangliosidosis']"
otherncd,['sphingolipidosis']
otherncd,"['neuronal', 'ceroid', 'lipofuscinosis']"
otherncd,"['lipid', 'storage', 'disorder', 'unspecified']"
otherncd,['mucopolysaccharidoses']
otherncd,"['mucopolysaccharidosis', 'unspecified']"
otherncd,"['disorders', 'glycoprotein', 'metabolism']"
otherncd,"['pure', 'hyperglyceridemia']"
otherncd,"['mixed', 'hyperlipidemia']"
otherncd,"['hyperlipidemia', 'unspecified']"
otherncd,"['disorders', 'lipoprotein', 'metabolism']"
otherncd,"['disorder', 'lipoprotein', 'metabolism', 'unspecified']"
otherncd,"['unspecified', 'porphyria']"
otherncd,"['disorders', 'iron', 'metabolism']"
otherncd,"['disorders', 'phosphorus', 'metabolism', 'phosphatases']"
otherncd,"['disorders', 'calcium', 'metabolism']"
otherncd,"['cystic', 'fibrosis', 'intestinal', 'manifestations']"
otherncd,"['cystic', 'fibrosis', 'manifestations']"
otherncd,"['cystic', 'fibrosis', 'unspecified']"
otherncd,"['heredofamilial', 'amyloidosis', 'unspecified']"
otherncd,"['specified', 'metabolic', 'disorders']"
otherncd,"['metabolic', 'disorder', 'unspecified']"
neuro,"['unspecified', 'dementia']"
subs,"['alcohol', 'abuse']"
subs,"['alcohol', 'dependence']"
subs,"['alcohol', 'use', 'unspecified']"
subs,"['opioid', 'abuse']"
subs,"['opioid', 'dependence']"
subs,"['opioid', 'use', 'unspecified']"
subs,"['sedative', 'hypnotic', 'anxiolyticrelated', 'abuse']"
subs,"['cocaine', 'abuse']"
subs,"['cocaine', 'use', 'unspecified']"
subs,"['stimulant', 'abuse']"
subs,"['stimulant', 'use', 'unspecified']"
subs,"['psychoactive', 'substance', 'abuse']"
subs,"['psychoactive', 'substance', 'dependence']"
subs,"['psychoactive', 'substance', 'use', 'unspecified']"
neuro,"['unspecified', 'psychosis', 'due', 'substance', 'known', 'physiological', 'condition']"
neuro,"['unspecified', 'mood', 'affective', 'disorder']"
mental,"['bulimia', 'nervosa']"
infect,"['pneumococcal', 'meningitis']"
infect,"['streptococcal', 'meningitis']"
infect,"['staphylococcal', 'meningitis']"
infect,"['bacterial', 'meningitis']"
neuro,"['nonpyogenic', 'meningitis']"
neuro,"['tropical', 'spastic', 'paraplegia']"
infect,"['encephalitis', 'myelitis', 'encephalomyelitis']"
infect,"['encephalitis', 'myelitis', 'encephalomyelitis', 'unspecified']"
neuro,"['intraspinal', 'abscess', 'granuloma']"
infect,"['intracranial', 'intraspinal', 'phlebitis', 'thrombophlebitis']"
neuro,"['huntingtons', 'disease']"
neuro,"['earlyonset', 'cerebellar', 'ataxia']"
neuro,"['hereditary', 'spastic', 'paraplegia']"
neuro,"['hereditary', 'ataxia', 'unspecified']"
neuro,"['inherited', 'spinal', 'muscular', 'atrophy']"
neuro,"['motor', 'neuron', 'disease']"
neuro,"['spinal', 'muscular', 'atrophies', 'related', 'syndromes']"
neuro,"['spinal', 'muscular', 'atrophy', 'unspecified']"
infect,"['postpolio', 'syndrome']"
neuro,"['parkinsons', 'disease']"
neuro,"['progressive', 'supranuclear', 'ophthalmoplegia', 'steelerichardsonolszewski']"
neuro,"['striatonigral', 'degeneration']"
neuro,"['specified', 'degenerative', 'diseases', 'basal', 'ganglia']"
neuro,"['degenerative', 'disease', 'basal', 'ganglia', 'unspecified']"
neuro,"['genetic', 'torsion', 'dystonia']"
neuro,"['idiopathic', 'orofacial', 'dystonia']"
neuro,"['dystonia', 'unspecified']"
neuro,['myoclonus']
neuro,['chorea']
neuro,"['specified', 'extrapyramidal', 'movement', 'disorders']"
neuro,"['extrapyramidal', 'movement', 'disorder', 'unspecified']"
neuro,"['alzheimers', 'disease', 'late', 'onset']"
neuro,"['alzheimers', 'disease']"
neuro,"['alzheimers', 'disease', 'unspecified']"
neuro,"['senile', 'degeneration', 'brain', 'elsewhere', 'classified']"
subs,"['degeneration', 'nervous', 'system', 'due', 'alcohol']"
neuro,"['specified', 'degenerative', 'diseases', 'nervous', 'system']"
neuro,"['degenerative', 'disease', 'nervous', 'system', 'unspecified']"
neuro,"['multiple', 'sclerosis']"
neuro,"['central', 'pontine', 'myelinolysis']"
neuro,"['acute', 'transverse', 'myelitis', 'demyelinating', 'disease', 'central', 'nervous', 'system']"
neuro,"['demyelinating', 'disease', 'central', 'nervous', 'system', 'unspecified']"
neuro,"['localizationrelated', 'focal', 'partial', 'symptomatic', 'epilepsy', 'epileptic', 'syndromes', 'complex', 'partial', 'seizures']"
neuro,"['generalized', 'idiopathic', 'epilepsy', 'epileptic', 'syndromes']"
neuro,"['generalized', 'epilepsy', 'epileptic', 'syndromes']"
neuro,"['epileptic', 'seizures', 'related', 'external', 'causes']"
neuro,"['epilepsy', 'unspecified']"
cvd,"['transient', 'cerebral', 'ischemic', 'attacks', 'related', 'syndromes']"
cvd,"['transient', 'cerebral', 'ischemic', 'attack', 'unspecified']"
resp,"['sleep', 'apnea']"
neuro,"['inflammatory', 'polyneuropathies']"
neuro,"['myoneural', 'disorder', 'unspecified']"
neuro,"['myotonic', 'disorders']"
neuro,"['congenital', 'myopathies']"
neuro,"['mitochondrial', 'myopathy', 'elsewhere', 'classified']"
neuro,"['primary', 'disorder', 'muscle', 'unspecified']"
neuro,"['inflammatory', 'immune', 'myopathies', 'elsewhere', 'classified']"
neuro,"['specified', 'myopathies']"
neuro,"['myopathy', 'unspecified']"
neuro,"['familial', 'dysautonomia', 'rileyday']"
neuro,"['multisystem', 'degeneration', 'autonomic', 'nervous', 'system']"
neuro,"['autonomic', 'dysreflexia']"
neuro,"['disorders', 'autonomic', 'nervous', 'system']"
neuro,"['disorder', 'autonomic', 'nervous', 'system', 'unspecified']"
neuro,"['vascular', 'myelopathies']"
neuro,"['specified', 'diseases', 'spinal', 'cord']"
neuro,"['disease', 'spinal', 'cord', 'unspecified']"
respinfect,"['chronic', 'mastoiditis']"
respinfect,"['unspecified', 'mastoiditis']"
cvd,"['acute', 'rheumatic', 'heart', 'disease']"
cvd,"['rheumatic', 'mitral', 'insufficiency']"
cvd,"['rheumatic', 'mitral', 'stenosis', 'insufficiency']"
cvd,"['rheumatic', 'mitral', 'valve', 'diseases']"
cvd,"['rheumatic', 'mitral', 'valve', 'disease', 'unspecified']"
cvd,"['rheumatic', 'aortic', 'stenosis']"
cvd,"['rheumatic', 'aortic', 'valve', 'disease', 'unspecified']"
cvd,"['rheumatic', 'tricuspid', 'insufficiency']"
cvd,"['rheumatic', 'tricuspid', 'valve', 'diseases']"
cvd,"['rheumatic', 'tricuspid', 'valve', 'disease', 'unspecified']"
cvd,"['rheumatic', 'disorders', 'mitral', 'aortic', 'valves']"
cvd,"['rheumatic', 'disorders', 'mitral', 'tricuspid', 'valves']"
cvd,"['rheumatic', 'disorders', 'aortic', 'tricuspid', 'valves']"
cvd,"['combined', 'rheumatic', 'disorders', 'mitral', 'aortic', 'tricuspid', 'valves']"
cvd,"['rheumatic', 'multiple', 'valve', 'diseases']"
cvd,"['rheumatic', 'multiple', 'valve', 'disease', 'unspecified']"
cvd,"['rheumatic', 'diseases', 'endocardium', 'valve', 'unspecified']"
cvd,"['rheumatic', 'heart', 'disease', 'unspecified']"
cvd,"['hypertensive', 'heart', 'disease', 'without', 'heart', 'failure']"
diab_ckd,"['hypertensive', 'chronic', 'kidney', 'disease', 'stage', '1', 'stage', '4', 'chronic', 'kidney', 'disease', 'unspecified', 'chronic', 'kidney', 'disease']"
diab_ckd,"['hypertensive', 'heart', 'chronic', 'kidney', 'disease', 'without', 'heart', 'failure']"
diab_ckd,"['hypertensive', 'heart', 'chronic', 'kidney', 'disease', 'heart', 'failure', 'stage', '5', 'chronic', 'kidney', 'disease', 'end', 'stage', 'renal', 'disease']"
cvd,"['angina', 'pectoris', 'documented', 'spasm']"
cvd,"['forms', 'angina', 'pectoris']"
cvd,"['angina', 'pectoris', 'unspecified']"
cvd,"['st', 'elevation', 'stemi', 'myocardial', 'infarction', 'inferior', 'wall']"
cvd,"['st', 'elevation', 'stemi', 'myocardial', 'infarction', 'sites']"
cvd,"['st', 'elevation', 'stemi', 'myocardial', 'infarction', 'unspecified', 'site']"
cvd,"['nonst', 'elevation', 'nstemi', 'myocardial', 'infarction']"
cvd,"['acute', 'myocardial', 'infarction', 'unspecified']"
cvd,"['subsequent', 'st', 'elevation', 'stemi', 'myocardial', 'infarction', 'unspecified', 'site']"
cvd,"['dresslers', 'syndrome']"
cvd,"['forms', 'acute', 'ischemic', 'heart', 'disease']"
cvd,"['acute', 'ischemic', 'heart', 'disease', 'unspecified']"
cvd,"['atherosclerotic', 'heart', 'disease', 'native', 'coronary', 'artery']"
cvd,"['old', 'myocardial', 'infarction']"
cvd,"['aneurysm', 'heart']"
cvd,"['coronary', 'artery', 'aneurysm', 'dissection']"
cvd,"['ischemic', 'cardiomyopathy']"
cvd,"['silent', 'myocardial', 'ischemia']"
cvd,"['forms', 'chronic', 'ischemic', 'heart', 'disease']"
cvd,"['chronic', 'ischemic', 'heart', 'disease', 'unspecified']"
msk,"['kyphoscoliotic', 'heart', 'disease']"
cvd,"['aneurysm', 'pulmonary', 'artery']"
cvd,"['diseases', 'pulmonary', 'vessels']"
cvd,"['infective', 'pericarditis']"
cvd,"['forms', 'acute', 'pericarditis']"
cvd,"['acute', 'pericarditis', 'unspecified']"
cvd,"['chronic', 'constrictive', 'pericarditis']"
cvd,"['specified', 'diseases', 'pericardium']"
cvd,"['disease', 'pericardium', 'unspecified']"
cvd,"['nonrheumatic', 'mitral', 'valve', 'prolapse']"
cvd,"['nonrheumatic', 'mitral', 'valve', 'disorders']"
cvd,"['nonrheumatic', 'mitral', 'valve', 'disorder', 'unspecified']"
cvd,"['nonrheumatic', 'aortic', 'valve', 'insufficiency']"
cvd,"['nonrheumatic', 'aortic', 'valve', 'stenosis', 'insufficiency']"
cvd,"['nonrheumatic', 'aortic', 'valve', 'disorders']"
cvd,"['nonrheumatic', 'aortic', 'valve', 'disorder', 'unspecified']"
cvd,"['nonrheumatic', 'tricuspid', 'valve', 'insufficiency']"
cvd,"['nonrheumatic', 'tricuspid', 'valve', 'disorders']"
cvd,"['nonrheumatic', 'pulmonary', 'valve', 'insufficiency']"
cvd,"['endocarditis', 'valve', 'unspecified']"
cvd,"['isolated', 'myocarditis']"
cvd,"['acute', 'myocarditis', 'unspecified']"
cvd,"['obstructive', 'hypertrophic', 'cardiomyopathy']"
cvd,"['hypertrophic', 'cardiomyopathy']"
cvd,"['endomyocardial', 'eosinophilic', 'disease']"
cvd,"['endocardial', 'fibroelastosis']"
cvd,"['restrictive', 'cardiomyopathy']"
cvd,"['alcoholic', 'cardiomyopathy']"
cvd,['cardiomyopathies']
cvd,"['supraventricular', 'tachycardia']"
cvd,"['ventricular', 'tachycardia']"
cvd,"['atrial', 'fibrillation', 'flutter']"
cvd,"['persistent', 'atrial', 'fibrillation']"
cvd,"['chronic', 'atrial', 'fibrillation']"
cvd,"['unspecified', 'atrial', 'fibrillation', 'atrial', 'flutter']"
cvd,"['rupture', 'chordae', 'tendineae', 'elsewhere', 'classified']"
cvd,"['intracardiac', 'thrombosis', 'elsewhere', 'classified']"
cvd,"['myocarditis', 'unspecified']"
cvd,"['nontraumatic', 'subarachnoid', 'hemorrhage', 'middle', 'cerebral', 'artery']"
cvd,"['nontraumatic', 'subarachnoid', 'hemorrhage', 'anterior', 'communicating', 'artery']"
cvd,"['nontraumatic', 'subarachnoid', 'hemorrhage', 'posterior', 'communicating', 'artery']"
cvd,"['nontraumatic', 'subarachnoid', 'hemorrhage', 'vertebral', 'artery']"
cvd,"['nontraumatic', 'subarachnoid', 'hemorrhage', 'intracranial', 'arteries']"
cvd,"['nontraumatic', 'subarachnoid', 'hemorrhage', 'unspecified', 'intracranial', 'artery']"
cvd,"['nontraumatic', 'subarachnoid', 'hemorrhage']"
cvd,"['nontraumatic', 'subarachnoid', 'hemorrhage', 'unspecified']"
cvd,"['nontraumatic', 'intracerebral', 'hemorrhage', 'hemisphere', 'cortical']"
cvd,"['nontraumatic', 'intracerebral', 'hemorrhage', 'hemisphere', 'unspecified']"
cvd,"['nontraumatic', 'intracerebral', 'hemorrhage', 'brain', 'stem']"
cvd,"['nontraumatic', 'intracerebral', 'hemorrhage', 'cerebellum']"
cvd,"['nontraumatic', 'intracerebral', 'hemorrhage', 'intraventricular']"
cvd,"['nontraumatic', 'intracerebral', 'hemorrhage']"
cvd,"['nontraumatic', 'intracerebral', 'hemorrhage', 'unspecified']"
cvd,"['nontraumatic', 'extradural', 'hemorrhage']"
cvd,"['nontraumatic', 'intracranial', 'hemorrhage', 'unspecified']"
cvd,"['cerebral', 'infarction', 'due', 'embolism', 'precerebral', 'arteries']"
cvd,"['cerebral', 'infarction', 'due', 'unspecified', 'occlusion', 'stenosis', 'precerebral', 'arteries']"
cvd,"['cerebral', 'infarction', 'due', 'thrombosis', 'cerebral', 'arteries']"
cvd,"['cerebral', 'infarction', 'due', 'embolism', 'cerebral', 'arteries']"
cvd,"['cerebral', 'infarction', 'due', 'unspecified', 'occlusion', 'stenosis', 'cerebral', 'arteries']"
cvd,"['cerebral', 'infarction', 'due', 'cerebral', 'venous', 'thrombosis', 'nonpyogenic']"
cvd,"['cerebral', 'infarction']"
cvd,"['cerebral', 'infarction', 'unspecified']"
cvd,"['cerebral', 'aneurysm', 'nonruptured']"
cvd,"['cerebral', 'atherosclerosis']"
cvd,"['progressive', 'vascular', 'leukoencephalopathy']"
cvd,"['moyamoya', 'disease']"
cvd,"['nonpyogenic', 'thrombosis', 'intracranial', 'venous', 'system']"
msk,"['cerebral', 'arteritis', 'elsewhere', 'classified']"
cvd,"['sequelae', 'nontraumatic', 'intracerebral', 'hemorrhage']"
cvd,"['sequelae', 'nontraumatic', 'intracranial', 'hemorrhage']"
cvd,"['sequelae', 'cerebral', 'infarction']"
cvd,"['atherosclerosis', 'native', 'arteries', 'extremities']"
cvd,"['thoracic', 'aortic', 'aneurysm', 'ruptured']"
cvd,"['thoracic', 'aortic', 'aneurysm', 'without', 'rupture']"
cvd,"['abdominal', 'aortic', 'aneurysm', 'ruptured']"
cvd,"['abdominal', 'aortic', 'aneurysm', 'without', 'rupture']"
cvd,"['thoracoabdominal', 'aortic', 'aneurysm', 'ruptured']"
cvd,"['thoracoabdominal', 'aortic', 'aneurysm', 'without', 'rupture']"
cvd,"['aortic', 'aneurysm', 'unspecified', 'site', 'ruptured']"
cvd,"['aortic', 'aneurysm', 'unspecified', 'site', 'without', 'rupture']"
cvd,"['aneurysm', 'renal', 'artery']"
cvd,"['aneurysm', 'iliac', 'artery']"
cvd,"['aneurysm', 'artery', 'lower', 'extremity']"
cvd,"['aneurysm', 'specified', 'arteries']"
cvd,"['aneurysm', 'unspecified', 'site']"
cvd,"['thromboangiitis', 'obliterans', 'buergers', 'disease']"
cvd,"['specified', 'peripheral', 'vascular', 'diseases']"
cvd,"['peripheral', 'vascular', 'disease', 'unspecified']"
cvd,"['stricture', 'artery']"
cvd,"['rupture', 'artery']"
cvd,"['arteritis', 'unspecified']"
cvd,"['specified', 'disorders', 'arteries', 'arterioles']"
cvd,"['disorder', 'arteries', 'arterioles', 'unspecified']"
cvd,"['nevus', 'nonneoplastic']"
cvd,"['diseases', 'capillaries']"
cvd,"['phlebitis', 'thrombophlebitis', 'femoral', 'vein']"
cvd,"['phlebitis', 'thrombophlebitis', 'unspecified', 'deep', 'vessels', 'lower', 'extremities']"
cvd,"['phlebitis', 'thrombophlebitis', 'lower', 'extremities', 'unspecified']"
cvd,"['phlebitis', 'thrombophlebitis', 'unspecified', 'site']"
cvd,"['portal', 'vein', 'thrombosis']"
cvd,"['embolism', 'thrombosis', 'vena', 'cava', 'thoracic', 'veins']"
cvd,"['embolism', 'thrombosis', 'specified', 'veins']"
cvd,"['embolism', 'thrombosis', 'unspecified', 'vein']"
cvd,"['varicose', 'veins', 'lower', 'extremities', 'inflammation']"
cvd,"['varicose', 'veins', 'lower', 'extremities', 'ulcer', 'inflammation']"
cvd,"['asymptomatic', 'varicose', 'veins', 'lower', 'extremities']"
cvd,"['gastric', 'varices']"
cvd,"['compression', 'vein']"
cvd,"['venous', 'insufficiency', 'chronic', 'peripheral']"
cvd,"['specified', 'disorders', 'veins']"
skin,"['specified', 'noninfective', 'disorders', 'lymphatic', 'vessels', 'lymph', 'nodes']"
cvd,"['unspecified', 'disorders', 'circulatory', 'system']"
respinfect,"['acute', 'tracheitis']"
respinfect,"['acute', 'epiglottitis']"
respinfect,"['influenza', 'due', 'certain', 'identified', 'influenza', 'viruses']"
respinfect,"['influenza', 'due', 'identified', 'influenza', 'virus', 'respiratory', 'manifestations']"
respinfect,"['influenza', 'due', 'identified', 'influenza', 'virus', 'manifestations']"
respinfect,"['influenza', 'due', 'unidentified', 'influenza', 'virus', 'respiratory', 'manifestations']"
respinfect,"['influenza', 'due', 'unidentified', 'influenza', 'virus', 'manifestations']"
respinfect,"['respiratory', 'syncytial', 'virus', 'pneumonia']"
respinfect,"['parainfluenza', 'virus', 'pneumonia']"
respinfect,"['human', 'metapneumovirus', 'pneumonia']"
respinfect,"['viral', 'pneumonia']"
respinfect,"['viral', 'pneumonia', 'unspecified']"
respinfect,"['pneumonia', 'due', 'streptococcus', 'pneumoniae']"
respinfect,"['pneumonia', 'due', 'hemophilus', 'influenzae']"
respinfect,"['pneumonia', 'due', 'pseudomonas']"
respinfect,"['pneumonia', 'due', 'staphylococcus']"
respinfect,"['pneumonia', 'due', 'streptococci']"
respinfect,"['pneumonia', 'due', 'escherichia', 'coli']"
respinfect,"['pneumonia', 'due', 'gramnegative', 'bacteria']"
respinfect,"['pneumonia', 'due', 'mycoplasma', 'pneumoniae']"
respinfect,"['pneumonia', 'due', 'specified', 'bacteria']"
respinfect,"['acute', 'bronchitis', 'due', 'specified', 'organisms']"
respinfect,"['acute', 'bronchitis', 'unspecified']"
respinfect,"['acute', 'bronchiolitis', 'unspecified']"
respinfect,"['unspecified', 'acute', 'lower', 'respiratory', 'infection']"
resp,"['chronic', 'sphenoidal', 'sinusitis']"
resp,"['chronic', 'sinusitis', 'unspecified']"
resp,"['specified', 'disorders', 'nose', 'nasal', 'sinuses']"
resp,"['diseases', 'vocal', 'cords']"
resp,"['laryngeal', 'spasm']"
resp,"['stenosis', 'larynx']"
resp,"['diseases', 'larynx']"
resp,"['abscess', 'pharynx']"
resp,"['diseases', 'pharynx']"
resp,"['specified', 'diseases', 'upper', 'respiratory', 'tract']"
respinfect,"['unspecified', 'chronic', 'bronchitis']"
resp,"['centrilobular', 'emphysema']"
resp,"['emphysema', 'unspecified']"
resp,"['chronic', 'obstructive', 'pulmonary', 'disease', 'acute', 'exacerbation']"
resp,"['chronic', 'obstructive', 'pulmonary', 'disease', 'unspecified']"
resp,"['unspecified', 'asthma']"
respinfect,"['pneumoconiosis', 'due', 'asbestos', 'mineral', 'fibers']"
resp,"['pneumoconiosis', 'due', 'dust', 'containing', 'silica']"
respinfect,"['unspecified', 'pneumoconiosis']"
resp,"['hypersensitivity', 'pneumonitis', 'due', 'organic', 'dusts']"
resp,"['hypersensitivity', 'pneumonitis', 'due', 'unspecified', 'organic', 'dust']"
resp,"['chronic', 'respiratory', 'conditions', 'due', 'chemicals', 'gases', 'fumes', 'vapors']"
otherncd,"['chronic', 'pulmonary', 'manifestations', 'due', 'radiation']"
resp,"['pulmonary', 'eosinophilia', 'elsewhere', 'classified']"
resp,"['interstitial', 'pulmonary', 'diseases', 'fibrosis']"
resp,"['specified', 'interstitial', 'pulmonary', 'diseases']"
resp,"['interstitial', 'pulmonary', 'disease', 'unspecified']"
digest,"['dental', 'caries', 'unspecified']"
digest,"['chronic', 'gingivitis']"
digest,"['periodontal', 'disease', 'unspecified']"
digest,['esophagitis']
digest,"['gastroesophageal', 'reflux', 'disease', 'without', 'esophagitis']"
digest,"['ulcer', 'esophagus']"
digest,"['esophageal', 'obstruction']"
digest,"['perforation', 'esophagus']"
digest,"['dyskinesia', 'esophagus']"
digest,"['diverticulum', 'esophagus', 'acquired']"
digest,"['gastroesophageal', 'lacerationhemorrhage', 'syndrome']"
digest,"['barretts', 'esophagus']"
digest,"['specified', 'diseases', 'esophagus']"
digest,"['disease', 'esophagus', 'unspecified']"
digest,"['chronic', 'unspecified', 'gastric', 'ulcer', 'hemorrhage']"
digest,"['chronic', 'unspecified', 'gastric', 'ulcer', 'perforation']"
digest,"['chronic', 'unspecified', 'gastric', 'ulcer', 'hemorrhage', 'perforation']"
digest,"['gastric', 'ulcer', 'unspecified', 'acute', 'chronic', 'without', 'hemorrhage', 'perforation']"
digest,"['acute', 'duodenal', 'ulcer', 'perforation']"
digest,"['chronic', 'unspecified', 'duodenal', 'ulcer', 'hemorrhage']"
digest,"['chronic', 'unspecified', 'duodenal', 'ulcer', 'perforation']"
digest,"['chronic', 'unspecified', 'duodenal', 'ulcer', 'hemorrhage', 'perforation']"
digest,"['chronic', 'duodenal', 'ulcer', 'without', 'hemorrhage', 'perforation']"
digest,"['duodenal', 'ulcer', 'unspecified', 'acute', 'chronic', 'without', 'hemorrhage', 'perforation']"
digest,"['chronic', 'unspecified', 'peptic', 'ulcer', 'site', 'unspecified', 'hemorrhage']"
digest,"['chronic', 'unspecified', 'peptic', 'ulcer', 'site', 'unspecified', 'perforation']"
digest,"['chronic', 'unspecified', 'peptic', 'ulcer', 'site', 'unspecified', 'hemorrhage', 'perforation']"
digest,"['peptic', 'ulcer', 'site', 'unspecified', 'unspecified', 'acute', 'chronic', 'without', 'hemorrhage', 'perforation']"
digest,"['chronic', 'unspecified', 'gastrojejunal', 'ulcer', 'hemorrhage']"
digest,"['gastrojejunal', 'ulcer', 'unspecified', 'acute', 'chronic', 'without', 'hemorrhage', 'perforation']"
digest,"['alcoholic', 'gastritis']"
digest,"['chronic', 'atrophic', 'gastritis']"
digest,"['unspecified', 'chronic', 'gastritis']"
digest,['gastritis']
digest,"['gastritis', 'unspecified']"
digest,['duodenitis']
digest,"['adult', 'hypertrophic', 'pyloric', 'stenosis']"
digest,"['obstruction', 'duodenum']"
digest,"['fistula', 'stomach', 'duodenum']"
digest,"['polyp', 'stomach', 'duodenum']"
digest,"['specified', 'diseases', 'stomach', 'duodenum']"
digest,"['acute', 'appendicitis', 'generalized', 'peritonitis']"
digest,"['acute', 'appendicitis', 'localized', 'peritonitis']"
digest,"['unspecified', 'acute', 'appendicitis']"
digest,['appendicitis']
digest,"['unspecified', 'appendicitis']"
digest,"['disease', 'appendix', 'unspecified']"
digest,"['unilateral', 'inguinal', 'hernia', 'obstruction', 'without', 'gangrene']"
digest,"['unilateral', 'inguinal', 'hernia', 'without', 'obstruction', 'gangrene']"
digest,"['unilateral', 'femoral', 'hernia', 'obstruction', 'without', 'gangrene']"
digest,"['unilateral', 'femoral', 'hernia', 'gangrene']"
digest,"['umbilical', 'hernia', 'gangrene']"
digest,"['umbilical', 'hernia', 'without', 'obstruction', 'gangrene']"
otherncd,"['incisional', 'hernia', 'gangrene']"
otherncd,"['ventral', 'hernia', 'without', 'obstruction', 'gangrene']"
digest,"['diaphragmatic', 'hernia', 'gangrene']"
digest,"['diaphragmatic', 'hernia', 'without', 'obstruction', 'gangrene']"
digest,"['specified', 'abdominal', 'hernia', 'without', 'obstruction', 'gangrene']"
digest,"['unspecified', 'abdominal', 'hernia', 'gangrene']"
digest,"['unspecified', 'abdominal', 'hernia', 'without', 'obstruction', 'gangrene']"
digest,"['crohns', 'disease', 'large', 'intestine']"
digest,"['crohns', 'disease', 'unspecified']"
digest,"['ulcerative', 'colitis']"
digest,"['ulcerative', 'colitis', 'unspecified']"
digest,"['toxic', 'gastroenteritis', 'colitis']"
digest,"['specified', 'noninfective', 'gastroenteritis', 'colitis']"
digest,"['noninfective', 'gastroenteritis', 'colitis', 'unspecified']"
digest,"['chronic', 'vascular', 'disorders', 'intestine']"
digest,"['angiodysplasia', 'colon']"
digest,"['vascular', 'disorder', 'intestine', 'unspecified']"
digest,['intussusception']
digest,['volvulus']
digest,"['gallstone', 'ileus']"
digest,"['impaction', 'intestine']"
digest,"['intestinal', 'adhesions', 'bands', 'obstruction', 'postinfection']"
digest,"['unspecified', 'intestinal', 'obstruction']"
digest,"['ileus', 'unspecified']"
digest,"['diverticular', 'disease', 'small', 'intestine', 'without', 'perforation', 'abscess']"
digest,"['diverticulitis', 'large', 'intestine', 'perforation', 'abscess']"
digest,"['diverticular', 'disease', 'large', 'intestine', 'without', 'perforation', 'abscess']"
digest,"['diverticulitis', 'intestine', 'part', 'unspecified', 'perforation', 'abscess']"
digest,"['diverticular', 'disease', 'intestine', 'part', 'unspecified', 'without', 'perforation', 'abscess']"
digest,"['irritable', 'bowel', 'syndrome', 'without', 'diarrhea']"
digest,"['megacolon', 'elsewhere', 'classified']"
digest,"['specified', 'functional', 'intestinal', 'disorders']"
digest,"['functional', 'intestinal', 'disorder', 'unspecified']"
digest,"['rectal', 'fistula']"
digest,"['anorectal', 'fistula']"
digest,"['rectal', 'abscess']"
digest,"['ischiorectal', 'abscess']"
neo,"['rectal', 'polyp']"
digest,"['rectal', 'prolapse']"
digest,"['stenosis', 'anus', 'rectum']"
digest,"['hemorrhage', 'anus', 'rectum']"
digest,"['ulcer', 'anus', 'rectum']"
otherncd,"['radiation', 'proctitis']"
digest,"['specified', 'diseases', 'anus', 'rectum']"
digest,"['disease', 'anus', 'rectum', 'unspecified']"
neo,"['polyp', 'colon']"
digest,"['fourth', 'degree', 'hemorrhoids']"
digest,"['specified', 'disorders', 'peritoneum']"
digest,"['alcoholic', 'hepatitis']"
digest,"['alcoholic', 'cirrhosis', 'liver']"
digest,"['primary', 'biliary', 'cirrhosis']"
digest,"['biliary', 'cirrhosis', 'unspecified']"
digest,"['unspecified', 'cirrhosis', 'liver']"
infect,"['granulomatous', 'hepatitis', 'elsewhere', 'classified']"
digest,"['autoimmune', 'hepatitis']"
digest,"['specified', 'inflammatory', 'liver', 'diseases']"
digest,"['inflammatory', 'liver', 'disease', 'unspecified']"
digest,"['chronic', 'passive', 'congestion', 'liver']"
infect,"['infarction', 'liver']"
digest,"['portal', 'hypertension']"
digest,"['hepatorenal', 'syndrome']"
digest,"['specified', 'diseases', 'liver']"
digest,"['liver', 'disease', 'unspecified']"
digest,"['calculus', 'gallbladder', 'cholecystitis']"
digest,"['calculus', 'gallbladder', 'without', 'cholecystitis']"
digest,"['calculus', 'bile', 'duct', 'cholangitis']"
digest,"['calculus', 'bile', 'duct', 'cholecystitis']"
digest,"['calculus', 'bile', 'duct', 'without', 'cholangitis', 'cholecystitis']"
digest,"['chronic', 'cholecystitis']"
digest,"['cholecystitis', 'unspecified']"
digest,"['perforation', 'gallbladder']"
digest,"['fistula', 'gallbladder']"
digest,"['specified', 'diseases', 'gallbladder']"
digest,"['disease', 'gallbladder', 'unspecified']"
digest,"['obstruction', 'bile', 'duct']"
digest,"['fistula', 'bile', 'duct']"
digest,"['specified', 'diseases', 'biliary', 'tract']"
digest,"['disease', 'biliary', 'tract', 'unspecified']"
digest,"['acute', 'pancreatitis']"
digest,"['biliary', 'acute', 'pancreatitis']"
digest,"['alcohol', 'induced', 'acute', 'pancreatitis']"
digest,"['acute', 'pancreatitis', 'unspecified']"
digest,"['chronic', 'pancreatitis']"
digest,"['cyst', 'pancreas']"
digest,"['pseudocyst', 'pancreas']"
digest,"['specified', 'diseases', 'pancreas']"
digest,"['disease', 'pancreas', 'unspecified']"
digest,"['tropical', 'sprue']"
digest,"['blind', 'loop', 'syndrome', 'elsewhere', 'classified']"
digest,"['intestinal', 'malabsorption', 'unspecified']"
digest,"['specified', 'diseases', 'digestive', 'system']"
skin,"['cutaneous', 'abscess', 'furuncle', 'carbuncle', 'neck']"
skin,"['cutaneous', 'abscess', 'furuncle', 'carbuncle', 'trunk']"
skin,"['cutaneous', 'abscess', 'furuncle', 'carbuncle', 'buttock']"
skin,"['cutaneous', 'abscess', 'furuncle', 'carbuncle', 'limb']"
skin,"['cutaneous', 'abscess', 'furuncle', 'carbuncle', 'sites']"
skin,"['cutaneous', 'abscess', 'furuncle', 'carbuncle', 'unspecified']"
skin,"['cellulitis', 'acute', 'lymphangitis', 'parts', 'limb']"
skin,"['cellulitis', 'acute', 'lymphangitis', 'face', 'neck']"
skin,"['cellulitis', 'acute', 'lymphangitis', 'trunk']"
skin,"['cellulitis', 'acute', 'lymphangitis', 'sites']"
skin,"['cellulitis', 'acute', 'lymphangitis', 'unspecified']"
skin,"['acute', 'lymphadenitis', 'sites']"
skin,"['specified', 'local', 'infections', 'skin', 'subcutaneous', 'tissue']"
skin,"['local', 'infection', 'skin', 'subcutaneous', 'tissue', 'unspecified']"
skin,"['pemphigus', 'unspecified']"
skin,"['pemphigoid', 'unspecified']"
skin,"['specified', 'bullous', 'disorders']"
skin,"['diaper', 'dermatitis']"
skin,"['exfoliative', 'dermatitis']"
skin,"['stevensjohnson', 'syndrome']"
skin,"['toxic', 'epidermal', 'necrolysis', 'lyell']"
skin,"['seborrheic', 'keratosis']"
skin,"['pressure', 'ulcer']"
skin,"['pressure', 'ulcer', 'buttock']"
skin,"['pressure', 'ulcer', 'unspecified', 'site']"
skin,"['nonpressure', 'chronic', 'ulcer', 'lower', 'limb', 'elsewhere', 'classified']"
skin,"['febrile', 'neutrophilic', 'dermatosis', 'sweet']"
skin,"['nonpressure', 'chronic', 'ulcer', 'skin', 'elsewhere', 'classified']"
msk,"['pyogenic', 'arthritis', 'unspecified']"
msk,"['rheumatoid', 'lung', 'disease', 'rheumatoid', 'arthritis']"
msk,"['rheumatoid', 'vasculitis', 'rheumatoid', 'arthritis']"
msk,"['rheumatoid', 'heart', 'disease', 'rheumatoid', 'arthritis']"
msk,"['inflammatory', 'polyarthropathy']"
msk,"['rheumatoid', 'arthritis', 'unspecified']"
msk,"['polyarteritis', 'lung', 'involvement', 'churgstrauss']"
msk,"['thrombotic', 'microangiopathy']"
msk,"['wegeners', 'granulomatosis']"
msk,"['giant', 'cell', 'arteritis']"
msk,"['microscopic', 'polyangiitis']"
msk,"['systemic', 'lupus', 'erythematosus', 'organ', 'system', 'involvement']"
msk,"['systemic', 'lupus', 'erythematosus', 'unspecified']"
neuro,['dermatomyositis']
neuro,['polymyositis']
msk,"['crest', 'syndrome']"
msk,"['forms', 'systemic', 'sclerosis']"
msk,"['systemic', 'sclerosis', 'unspecified']"
msk,"['overlap', 'syndromes']"
msk,"['behcets', 'disease']"
msk,"['polymyalgia', 'rheumatica']"
msk,"['diffuse', 'eosinophilic', 'fasciitis']"
msk,"['specified', 'systemic', 'involvement', 'connective', 'tissue']"
msk,"['systemic', 'involvement', 'connective', 'tissue', 'unspecified']"
msk,"['unspecified', 'kyphosis']"
msk,"['neuromuscular', 'scoliosis']"
msk,"['secondary', 'scoliosis']"
msk,"['scoliosis', 'unspecified']"
msk,['spondylolisthesis']
skin,"['necrotizing', 'fasciitis']"
msk,"['osteoporosis', 'current', 'pathological', 'fracture']"
msk,"['osteoporosis', 'without', 'current', 'pathological', 'fracture']"
msk,"['osteitis', 'deformans', 'unspecified', 'bone']"
msk,"['specified', 'disorders', 'bone']"
diab_ckd,"['acute', 'nephritic', 'syndrome', 'focal', 'segmental', 'glomerular', 'lesions']"
diab_ckd,"['rapidly', 'progressive', 'nephritic', 'syndrome', 'unspecified', 'morphologic', 'changes']"
otherncd,"['recurrent', 'persistent', 'hematuria', 'morphologic', 'changes']"
otherncd,"['chronic', 'nephritic', 'syndrome', 'focal', 'segmental', 'glomerular', 'lesions']"
otherncd,"['chronic', 'nephritic', 'syndrome', 'unspecified', 'morphologic', 'changes']"
diab_ckd,"['nephrotic', 'syndrome', 'morphologic', 'changes']"
otherncd,"['nephrotic', 'syndrome', 'unspecified', 'morphologic', 'changes']"
diab_ckd,"['unspecified', 'nephritic', 'syndrome', 'focal', 'segmental', 'glomerular', 'lesions']"
diab_ckd,"['unspecified', 'nephritic', 'syndrome', 'diffuse', 'membranous', 'glomerulonephritis']"
diab_ckd,"['unspecified', 'nephritic', 'syndrome', 'diffuse', 'mesangial', 'proliferative', 'glomerulonephritis']"
diab_ckd,"['unspecified', 'nephritic', 'syndrome', 'diffuse', 'mesangiocapillary', 'glomerulonephritis']"
diab_ckd,"['unspecified', 'nephritic', 'syndrome', 'diffuse', 'crescentic', 'glomerulonephritis']"
diab_ckd,"['unspecified', 'nephritic', 'syndrome', 'morphologic', 'changes']"
diab_ckd,"['unspecified', 'nephritic', 'syndrome', 'unspecified', 'morphologic', 'changes']"
otherncd,"['acute', 'pyelonephritis']"
otherncd,"['chronic', 'obstructive', 'pyelonephritis']"
otherncd,"['chronic', 'tubulointerstitial', 'nephritis', 'unspecified']"
otherncd,"['tubulointerstitial', 'nephritis', 'specified', 'acute', 'chronic']"
otherncd,"['nephropathy', 'induced', 'drugs', 'medicaments', 'biological', 'substances']"
otherncd,"['nephropathy', 'induced', 'unspecified', 'drug', 'medicament', 'biological', 'substance']"
otherncd,"['renal', 'perinephric', 'abscess']"
otherncd,"['renal', 'tubulointerstitial', 'disease', 'unspecified']"
diab_ckd,"['chronic', 'kidney', 'disease', 'stage', '4', 'severe']"
diab_ckd,"['chronic', 'kidney', 'disease', 'stage', '5']"
diab_ckd,"['chronic', 'kidney', 'disease', 'unspecified']"
diab_ckd,"['unspecified', 'kidney', 'failure']"
otherncd,"['calculus', 'ureter']"
otherncd,"['calculus', 'kidney', 'calculus', 'ureter']"
otherncd,"['urinary', 'calculus', 'unspecified']"
otherncd,"['nephrogenic', 'diabetes', 'insipidus']"
otherncd,"['disorders', 'resulting', 'impaired', 'renal', 'tubular', 'function']"
otherncd,"['unspecified', 'contracted', 'kidney']"
otherncd,"['cyst', 'kidney', 'acquired']"
otherncd,"['chronic', 'cystitis']"
otherncd,"['irradiation', 'cystitis']"
otherncd,['cystitis']
otherncd,"['cystitis', 'unspecified']"
otherncd,"['flaccid', 'neuropathic', 'bladder', 'elsewhere', 'classified']"
otherncd,"['neuromuscular', 'dysfunction', 'bladder', 'unspecified']"
otherncd,"['inflammatory', 'disorders', 'scrotum']"
otherncd,"['inflammatory', 'disorders', 'specified', 'male', 'genital', 'organs']"
diab_ckd,"['hypertrophy', 'breast']"
otherncd,"['endometriosis', 'unspecified']"
otherncd,['cystocele']
otherncd,"['complete', 'uterovaginal', 'prolapse']"
otherncd,"['uterovaginal', 'prolapse', 'unspecified']"
otherncd,['rectocele']
otherncd,"['unspecified', 'ovarian', 'cysts']"
otherncd,"['noninflammatory', 'disorder', 'ovary', 'fallopian', 'tube', 'broad', 'ligament', 'unspecified']"
mater_neonat,"['ectopic', 'pregnancy', 'unspecified']"
mater_neonat,"['severe', 'preeclampsia']"
mater_neonat,"['premature', 'rupture', 'membranes', 'unspecified', 'length', 'time', 'rupture', 'onset', 'labor']"
mater_neonat,"['immediate', 'postpartum', 'hemorrhage']"
mater_neonat,"['shock', 'following', 'labor', 'delivery']"
mater_neonat,"['complications', 'obstetric', 'surgery', 'procedures']"
mater_neonat,"['amniotic', 'fluid', 'embolism']"
mater_neonat,"['diseases', 'circulatory', 'system', 'complicating', 'pregnancy', 'childbirth', 'puerperium']"
mater_neonat,"['specified', 'diseases', 'conditions', 'complicating', 'pregnancy', 'childbirth', 'puerperium']"
mater_neonat,"['newborn', 'affected', 'maternal', 'renal', 'urinary', 'tract', 'diseases']"
mater_neonat,"['newborn', 'affected', 'maternal', 'infectious', 'parasitic', 'diseases']"
mater_neonat,"['newborn', 'affected', 'maternal', 'circulatory', 'respiratory', 'diseases']"
mater_neonat,"['newborn', 'affected', 'maternal', 'conditions']"
mater_neonat,"['newborn', 'affected', 'incompetent', 'cervix']"
mater_neonat,"['newborn', 'affected', 'premature', 'rupture', 'membranes']"
mater_neonat,"['newborn', 'affected', 'oligohydramnios']"
mater_neonat,"['newborn', 'affected', 'multiple', 'pregnancy']"
mater_neonat,"['newborn', 'affected', 'maternal', 'complications', 'pregnancy']"
mater_neonat,"['newborn', 'affected', 'placenta', 'previa']"
mater_neonat,"['newborn', 'affected', 'forms', 'placental', 'separation', 'hemorrhage']"
mater_neonat,"['newborn', 'affected', 'unspecified', 'morphological', 'functional', 'abnormalities', 'placenta']"
respinfect,"['newborn', 'affected', 'placental', 'transfusion', 'syndromes']"
mater_neonat,"['newborn', 'affected', 'prolapsed', 'cord']"
mater_neonat,"['newborn', 'affected', 'unspecified', 'conditions', 'umbilical', 'cord']"
mater_neonat,"['newborn', 'affected', 'chorioamnionitis']"
mater_neonat,"['newborn', 'affected', 'malpresentation', 'malposition', 'disproportion', 'labor', 'delivery']"
mater_neonat,"['newborn', 'affected', 'precipitate', 'delivery']"
mater_neonat,"['newborn', 'affected', 'specified', 'complications', 'labor', 'delivery']"
mater_neonat,"['newborn', 'affected', 'complication', 'labor', 'delivery', 'unspecified']"
subs,"['newborn', 'affected', 'maternal', 'use', 'drugs', 'addiction']"
mater_neonat,"['newborn', 'light', 'gestational', 'age']"
mater_neonat,"['newborn', 'affected', 'slow', 'intrauterine', 'growth', 'unspecified']"
mater_neonat,"['extremely', 'low', 'birth', 'weight', 'newborn']"
mater_neonat,"['extreme', 'immaturity', 'newborn']"
mater_neonat,"['preterm', 'premature', 'newborn']"
mater_neonat,"['unspecified', 'brain', 'damage', 'due', 'birth', 'injury']"
mater_neonat,"['birth', 'injury', 'unspecified']"
mater_neonat,"['respiratory', 'distress', 'newborn', 'unspecified']"
respinfect,"['congenital', 'pneumonia', 'due', 'escherichia', 'coli']"
mater_neonat,"['pneumothorax', 'originating', 'perinatal', 'period']"
mater_neonat,"['unspecified', 'pulmonary', 'hemorrhage', 'originating', 'perinatal', 'period']"
mater_neonat,"['bronchopulmonary', 'dysplasia', 'originating', 'perinatal', 'period']"
mater_neonat,"['chronic', 'respiratory', 'diseases', 'originating', 'perinatal', 'period']"
mater_neonat,"['unspecified', 'chronic', 'respiratory', 'disease', 'originating', 'perinatal', 'period']"
mater_neonat,"['specified', 'respiratory', 'conditions', 'newborn']"
mater_neonat,"['neonatal', 'cardiac', 'dysrhythmia']"
mater_neonat,"['persistent', 'fetal', 'circulation']"
mater_neonat,"['cardiovascular', 'disorders', 'originating', 'perinatal', 'period']"
infect,"['congenital', 'viral', 'hepatitis']"
mater_neonat,"['sepsis', 'newborn', 'due', 'unspecified', 'streptococci']"
mater_neonat,"['sepsis', 'newborn', 'due', 'anaerobes']"
mater_neonat,"['bacterial', 'sepsis', 'newborn']"
mater_neonat,"['bacterial', 'sepsis', 'newborn', 'unspecified']"
infect,"['neonatal', 'disseminated', 'listeriosis']"
mater_neonat,"['infection', 'specific', 'perinatal', 'period', 'unspecified']"
mater_neonat,"['newborn', 'affected', 'hemorrhage', 'maternal', 'circulation']"
mater_neonat,"['newborn', 'affected', 'intrauterine', 'fetal', 'blood', 'loss']"
mater_neonat,"['intraventricular', 'nontraumatic', 'hemorrhage', 'grade', '3', 'grade', '4', 'newborn']"
mater_neonat,"['unspecified', 'intraventricular', 'nontraumatic', 'hemorrhage', 'newborn']"
mater_neonat,"['intracerebral', 'nontraumatic', 'hemorrhage', 'newborn']"
mater_neonat,"['intracranial', 'nontraumatic', 'hemorrhages', 'newborn']"
mater_neonat,"['intracranial', 'nontraumatic', 'hemorrhage', 'newborn', 'unspecified']"
mater_neonat,"['specified', 'neonatal', 'hemorrhages']"
mater_neonat,"['hemolytic', 'disease', 'newborn', 'unspecified']"
mater_neonat,"['hydrops', 'fetalis', 'due', 'unspecified', 'hemolytic', 'disease']"
mater_neonat,"['neonatal', 'jaundice', 'unspecified']"
mater_neonat,"['congenital', 'anemia', 'fetal', 'blood', 'loss']"
mater_neonat,"['congenital', 'anemias', 'elsewhere', 'classified']"
mater_neonat,"['necrotizing', 'enterocolitis', 'newborn']"
mater_neonat,"['specified', 'perinatal', 'digestive', 'system', 'disorders']"
mater_neonat,"['perinatal', 'digestive', 'system', 'disorder', 'unspecified']"
mater_neonat,"['hypothermia', 'newborn', 'unspecified']"
mater_neonat,"['hydrops', 'fetalis', 'due', 'hemolytic', 'disease']"
mater_neonat,"['convulsions', 'newborn']"
mater_neonat,"['neonatal', 'cerebral', 'leukomalacia']"
mater_neonat,"['hypoxic', 'ischemic', 'encephalopathy', 'hie']"
mater_neonat,"['specified', 'disturbances', 'cerebral', 'status', 'newborn']"
mater_neonat,"['specified', 'conditions', 'originating', 'perinatal', 'period']"
otherncd,['microcephaly']
otherncd,"['malformations', 'aqueduct', 'sylvius']"
otherncd,"['atresia', 'foramina', 'magendie', 'luschka']"
otherncd,"['congenital', 'hydrocephalus', 'unspecified']"
otherncd,"['congenital', 'malformations', 'corpus', 'callosum']"
otherncd,['holoprosencephaly']
otherncd,"['reduction', 'deformities', 'brain']"
otherncd,"['septooptic', 'dysplasia', 'brain']"
otherncd,"['congenital', 'cerebral', 'cysts']"
otherncd,"['specified', 'congenital', 'malformations', 'brain']"
otherncd,"['congenital', 'malformation', 'brain', 'unspecified']"
otherncd,"['unspecified', 'spina', 'bifida', 'hydrocephalus']"
otherncd,"['spina', 'bifida', 'unspecified']"
otherncd,"['arnoldchiari', 'syndrome']"
otherncd,"['congenital', 'malformation', 'nervous', 'system', 'unspecified']"
otherncd,"['double', 'outlet', 'right', 'ventricle']"
otherncd,"['discordant', 'ventriculoarterial', 'connection']"
otherncd,"['double', 'inlet', 'ventricle']"
otherncd,"['discordant', 'atrioventricular', 'connection']"
otherncd,"['congenital', 'malformations', 'cardiac', 'chambers', 'connections']"
otherncd,"['atrial', 'septal', 'defect']"
otherncd,"['atrioventricular', 'septal', 'defect']"
otherncd,"['tetralogy', 'fallot']"
otherncd,"['aortopulmonary', 'septal', 'defect']"
otherncd,"['congenital', 'malformations', 'cardiac', 'septa']"
otherncd,"['congenital', 'malformation', 'cardiac', 'septum', 'unspecified']"
otherncd,"['congenital', 'tricuspid', 'stenosis']"
otherncd,"['ebsteins', 'anomaly']"
otherncd,"['congenital', 'insufficiency', 'aortic', 'valve']"
otherncd,"['congenital', 'mitral', 'insufficiency']"
otherncd,"['hypoplastic', 'left', 'heart', 'syndrome']"
otherncd,"['congenital', 'malformation', 'aortic', 'mitral', 'valves', 'unspecified']"
otherncd,"['congenital', 'subaortic', 'stenosis']"
otherncd,"['malformation', 'coronary', 'vessels']"
otherncd,"['congenital', 'heart', 'block']"
otherncd,"['specified', 'congenital', 'malformations', 'heart']"
otherncd,"['congenital', 'malformation', 'heart', 'unspecified']"
otherncd,"['coarctation', 'aorta']"
otherncd,"['supravalvular', 'aortic', 'stenosis']"
otherncd,"['atresia', 'pulmonary', 'artery']"
otherncd,"['total', 'anomalous', 'pulmonary', 'venous', 'connection']"
otherncd,"['partial', 'anomalous', 'pulmonary', 'venous', 'connection']"
otherncd,"['anomalous', 'pulmonary', 'venous', 'connection', 'unspecified']"
otherncd,"['congenital', 'malformations', 'great', 'veins']"
otherncd,"['congenital', 'malformation', 'great', 'vein', 'unspecified']"
otherncd,"['arteriovenous', 'malformation', 'peripheral']"
otherncd,"['arteriovenous', 'malformation', 'cerebral', 'vessels']"
otherncd,"['malformations', 'cerebral', 'vessels']"
otherncd,"['congenital', 'laryngomalacia']"
otherncd,"['congenital', 'malformation', 'larynx', 'unspecified']"
otherncd,"['congenital', 'malformations', 'trachea']"
otherncd,"['sequestration', 'lung']"
otherncd,"['congenital', 'hypoplasia', 'dysplasia', 'lung']"
otherncd,"['congenital', 'malformations', 'lung']"
otherncd,"['congenital', 'malformation', 'lung', 'unspecified']"
otherncd,"['specified', 'congenital', 'malformations', 'respiratory', 'system']"
otherncd,"['esophageal', 'web']"
otherncd,"['congenital', 'absence', 'atresia', 'stenosis', 'jejunum']"
otherncd,"['congenital', 'absence', 'atresia', 'stenosis', 'ileum']"
otherncd,"['congenital', 'malformations', 'intestinal', 'fixation']"
otherncd,"['duplication', 'intestine']"
otherncd,"['specified', 'congenital', 'malformations', 'intestine']"
otherncd,"['atresia', 'bile', 'ducts']"
otherncd,"['congenital', 'malformations', 'bile', 'ducts']"
otherncd,"['cystic', 'disease', 'liver']"
otherncd,"['congenital', 'malformation', 'digestive', 'system', 'unspecified']"
otherncd,"['renal', 'agenesis', 'bilateral']"
otherncd,"['renal', 'agenesis', 'unspecified']"
otherncd,"['renal', 'hypoplasia', 'unspecified']"
otherncd,"['potters', 'syndrome']"
diab_ckd,"['polycystic', 'kidney', 'adult', 'type']"
diab_ckd,"['polycystic', 'kidney', 'unspecified']"
diab_ckd,"['renal', 'dysplasia']"
diab_ckd,"['cystic', 'kidney', 'diseases']"
diab_ckd,"['cystic', 'kidney', 'disease', 'unspecified']"
otherncd,"['exstrophy', 'urinary', 'bladder']"
otherncd,"['congenital', 'posterior', 'urethral', 'valves']"
otherncd,"['specified', 'congenital', 'malformations', 'urinary', 'system']"
otherncd,"['congenital', 'deformity', 'spine']"
otherncd,"['pectus', 'excavatum']"
otherncd,"['specified', 'congenital', 'musculoskeletal', 'deformities']"
otherncd,['hypertelorism']
otherncd,"['specified', 'congenital', 'malformations', 'skull', 'face', 'bones']"
otherncd,"['klippelfeil', 'syndrome']"
otherncd,"['congenital', 'malformations', 'spine', 'associated', 'scoliosis']"
otherncd,"['thanatophoric', 'short', 'stature']"
otherncd,['osteopetrosis']
otherncd,"['osteochondrodysplasia', 'unspecified']"
otherncd,"['congenital', 'malformations', 'diaphragm']"
otherncd,['exomphalos']
otherncd,['gastroschisis']
otherncd,"['congenital', 'malformations', 'abdominal', 'wall']"
otherncd,"['ehlersdanlos', 'syndrome']"
otherncd,"['congenital', 'malformations', 'musculoskeletal', 'system']"
otherncd,"['congenital', 'ichthyosis', 'unspecified']"
otherncd,"['congenital', 'cutaneous', 'mastocytosis']"
otherncd,"['incontinentia', 'pigmenti']"
otherncd,"['tuberous', 'sclerosis']"
otherncd,"['phakomatoses', 'elsewhere', 'classified']"
otherncd,"['congenital', 'malformation', 'syndromes', 'predominantly', 'associated', 'short', 'stature']"
otherncd,"['congenital', 'malformation', 'syndromes', 'predominantly', 'involving', 'limbs']"
otherncd,"['marfans', 'syndrome']"
otherncd,"['specified', 'congenital', 'malformation', 'syndromes', 'elsewhere', 'classified']"
otherncd,"['congenital', 'malformations', 'adrenal', 'gland']"
otherncd,"['situs', 'inversus']"
otherncd,"['multiple', 'congenital', 'malformations', 'elsewhere', 'classified']"
otherncd,"['specified', 'congenital', 'malformations']"
otherncd,"['syndrome', 'unspecified']"
otherncd,"['trisomy', '18', 'unspecified']"
otherncd,"['trisomy', '13', 'nonmosaicism', 'meiotic', 'nondisjunction']"
otherncd,"['trisomy', '13', 'unspecified']"
otherncd,"['specified', 'trisomies', 'partial', 'trisomies', 'autosomes']"
otherncd,"['trisomy', 'partial', 'trisomy', 'autosomes', 'unspecified']"
otherncd,"['deletion', 'short', 'arm', 'chromosome', '5']"
otherncd,"['deletions', 'autosomes']"
otherncd,"['deletion', 'autosomes', 'unspecified']"
otherncd,"['klinefelter', 'syndrome', 'unspecified']"
otherncd,"['karyotype', '47', 'xyy']"
otherncd,"['specified', 'chromosome', 'abnormalities']"
inj_trans,"['pedestrian', 'injured', 'collision', 'pedal', 'cycle', 'traffic', 'accident']"
inj_trans,"['pedestrian', 'injured', 'collision', 'two', 'threewheeled', 'motor', 'vehicle', 'nontraffic', 'accident']"
inj_trans,"['pedestrian', 'injured', 'collision', 'two', 'threewheeled', 'motor', 'vehicle', 'traffic', 'accident']"
inj_trans,"['pedestrian', 'injured', 'collision', 'car', 'pickup', 'truck', 'van', 'nontraffic', 'accident']"
inj_trans,"['pedestrian', 'injured', 'collision', 'car', 'pickup', 'truck', 'van', 'traffic', 'accident']"
inj_trans,"['pedestrian', 'injured', 'collision', 'heavy', 'transport', 'vehicle', 'bus', 'nontraffic', 'accident']"
inj_trans,"['pedestrian', 'injured', 'collision', 'heavy', 'transport', 'vehicle', 'bus', 'traffic', 'accident']"
inj_trans,"['pedestrian', 'injured', 'collision', 'railway', 'train', 'railway', 'vehicle', 'nontraffic', 'accident']"
inj_trans,"['pedestrian', 'injured', 'collision', 'railway', 'train', 'railway', 'vehicle', 'traffic', 'accident']"
inj_trans,"['pedestrian', 'injured', 'collision', 'railway', 'train', 'railway', 'vehicle', 'unspecified', 'whether', 'traffic', 'nontraffic', 'accident']"
inj_trans,"['pedestrian', 'injured', 'nontraffic', 'accident', 'involving', 'unspecified', 'motor', 'vehicles']"
inj_trans,"['pedestrian', 'injured', 'unspecified', 'nontraffic', 'accident']"
inj_trans,"['pedestrian', 'injured', 'traffic', 'accident', 'involving', 'unspecified', 'motor', 'vehicles']"
inj_trans,"['pedestrian', 'injured', 'unspecified', 'traffic', 'accident']"
inj_trans,"['pedestrian', 'injured', 'unspecified', 'transport', 'accident']"
inj_trans,"['pedal', 'cycle', 'driver', 'injured', 'collision', 'pedestrian', 'animal', 'traffic', 'accident']"
inj_trans,"['pedal', 'cycle', 'driver', 'injured', 'collision', 'pedal', 'cycle', 'traffic', 'accident']"
inj_trans,"['pedal', 'cycle', 'passenger', 'injured', 'collision', 'car', 'pickup', 'truck', 'van', 'nontraffic', 'accident']"
inj_trans,"['pedal', 'cycle', 'driver', 'injured', 'collision', 'car', 'pickup', 'truck', 'van', 'traffic', 'accident']"
inj_trans,"['unspecified', 'pedal', 'cyclist', 'injured', 'collision', 'car', 'pickup', 'truck', 'van', 'traffic', 'accident']"
inj_trans,"['pedal', 'cycle', 'driver', 'injured', 'collision', 'heavy', 'transport', 'vehicle', 'bus', 'traffic', 'accident']"
inj_trans,"['unspecified', 'pedal', 'cyclist', 'injured', 'collision', 'heavy', 'transport', 'vehicle', 'bus', 'traffic', 'accident']"
inj_trans,"['pedal', 'cycle', 'driver', 'injured', 'collision', 'railway', 'train', 'railway', 'vehicle', 'traffic', 'accident']"
inj_trans,"['pedal', 'cycle', 'driver', 'injured', 'collision', 'fixed', 'stationary', 'object', 'traffic', 'accident']"
inj_trans,"['person', 'boarding', 'alighting', 'pedal', 'cycle', 'injured', 'noncollision', 'transport', 'accident']"
inj_trans,"['pedal', 'cycle', 'driver', 'injured', 'noncollision', 'transport', 'accident', 'traffic', 'accident']"
inj_trans,"['pedal', 'cycle', 'driver', 'injured', 'collision', 'unspecified', 'motor', 'vehicles', 'traffic', 'accident']"
inj_trans,"['pedal', 'cyclist', 'driver', 'passenger', 'injured', 'specified', 'transport', 'accidents']"
inj_trans,"['motorcycle', 'driver', 'injured', 'collision', 'pedestrian', 'animal', 'traffic', 'accident']"
inj_trans,"['motorcycle', 'driver', 'injured', 'collision', 'two', 'threewheeled', 'motor', 'vehicle', 'traffic', 'accident']"
inj_trans,"['motorcycle', 'driver', 'injured', 'collision', 'car', 'pickup', 'truck', 'van', 'traffic', 'accident']"
inj_trans,"['motorcycle', 'passenger', 'injured', 'collision', 'car', 'pickup', 'truck', 'van', 'traffic', 'accident']"
inj_trans,"['unspecified', 'motorcycle', 'rider', 'injured', 'collision', 'car', 'pickup', 'truck', 'van', 'traffic', 'accident']"
inj_trans,"['motorcycle', 'driver', 'injured', 'collision', 'heavy', 'transport', 'vehicle', 'bus', 'traffic', 'accident']"
inj_trans,"['motorcycle', 'passenger', 'injured', 'collision', 'heavy', 'transport', 'vehicle', 'bus', 'traffic', 'accident']"
inj_trans,"['motorcycle', 'driver', 'injured', 'collision', 'railway', 'train', 'railway', 'vehicle', 'traffic', 'accident']"
inj_trans,"['motorcycle', 'driver', 'injured', 'collision', 'fixed', 'stationary', 'object', 'traffic', 'accident']"
inj_trans,"['motorcycle', 'passenger', 'injured', 'collision', 'fixed', 'stationary', 'object', 'traffic', 'accident']"
inj_trans,"['unspecified', 'motorcycle', 'rider', 'injured', 'collision', 'fixed', 'stationary', 'object', 'traffic', 'accident']"
inj_trans,"['motorcycle', 'driver', 'injured', 'noncollision', 'transport', 'accident', 'traffic', 'accident']"
inj_trans,"['motorcycle', 'passenger', 'injured', 'noncollision', 'transport', 'accident', 'traffic', 'accident']"
inj_trans,"['motorcycle', 'driver', 'injured', 'collision', 'unspecified', 'motor', 'vehicles', 'traffic', 'accident']"
inj_trans,"['unspecified', 'motorcycle', 'rider', 'injured', 'collision', 'unspecified', 'motor', 'vehicles', 'traffic', 'accident']"
inj_trans,"['motorcycle', 'rider', 'driver', 'passenger', 'injured', 'unspecified', 'traffic', 'accident']"
inj_trans,"['unspecified', 'occupant', 'threewheeled', 'motor', 'vehicle', 'injured', 'collision', 'unspecified', 'motor', 'vehicles', 'traffic', 'accident']"
inj_trans,"['car', 'driver', 'injured', 'collision', 'pedestrian', 'animal', 'traffic', 'accident']"
inj_trans,"['car', 'driver', 'injured', 'collision', 'car', 'pickup', 'truck', 'van', 'traffic', 'accident']"
inj_trans,"['car', 'passenger', 'injured', 'collision', 'car', 'pickup', 'truck', 'van', 'traffic', 'accident']"
inj_trans,"['unspecified', 'car', 'occupant', 'injured', 'collision', 'car', 'pickup', 'truck', 'van', 'traffic', 'accident']"
inj_trans,"['car', 'passenger', 'injured', 'collision', 'heavy', 'transport', 'vehicle', 'bus', 'nontraffic', 'accident']"
inj_trans,"['unspecified', 'car', 'occupant', 'injured', 'collision', 'heavy', 'transport', 'vehicle', 'bus', 'nontraffic', 'accident']"
inj_trans,"['car', 'driver', 'injured', 'collision', 'heavy', 'transport', 'vehicle', 'bus', 'traffic', 'accident']"
inj_trans,"['car', 'passenger', 'injured', 'collision', 'heavy', 'transport', 'vehicle', 'bus', 'traffic', 'accident']"
inj_trans,"['unspecified', 'car', 'occupant', 'injured', 'collision', 'heavy', 'transport', 'vehicle', 'bus', 'traffic', 'accident']"
inj_trans,"['car', 'passenger', 'injured', 'collision', 'railway', 'train', 'railway', 'vehicle', 'traffic', 'accident']"
inj_trans,"['car', 'passenger', 'injured', 'collision', 'fixed', 'stationary', 'object', 'nontraffic', 'accident']"
inj_trans,"['car', 'driver', 'injured', 'collision', 'fixed', 'stationary', 'object', 'traffic', 'accident']"
inj_trans,"['car', 'passenger', 'injured', 'collision', 'fixed', 'stationary', 'object', 'traffic', 'accident']"
inj_trans,"['person', 'outside', 'car', 'injured', 'collision', 'fixed', 'stationary', 'object', 'traffic', 'accident']"
inj_trans,"['unspecified', 'car', 'occupant', 'injured', 'collision', 'fixed', 'stationary', 'object', 'traffic', 'accident']"
inj_trans,"['person', 'outside', 'car', 'injured', 'noncollision', 'transport', 'accident', 'nontraffic', 'accident']"
inj_trans,"['person', 'boarding', 'alighting', 'car', 'injured', 'noncollision', 'transport', 'accident']"
inj_trans,"['car', 'driver', 'injured', 'noncollision', 'transport', 'accident', 'traffic', 'accident']"
inj_trans,"['car', 'passenger', 'injured', 'noncollision', 'transport', 'accident', 'traffic', 'accident']"
inj_trans,"['unspecified', 'car', 'occupant', 'injured', 'noncollision', 'transport', 'accident', 'traffic', 'accident']"
inj_trans,"['driver', 'injured', 'collision', 'unspecified', 'motor', 'vehicles', 'traffic', 'accident']"
inj_trans,"['passenger', 'injured', 'collision', 'unspecified', 'motor', 'vehicles', 'traffic', 'accident']"
inj_trans,"['car', 'occupant', 'driver', 'passenger', 'injured', 'specified', 'transport', 'accidents']"
inj_trans,"['car', 'occupant', 'driver', 'passenger', 'injured', 'unspecified', 'traffic', 'accident']"
inj_trans,"['driver', 'pickup', 'truck', 'van', 'injured', 'collision', 'two', 'threewheeled', 'motor', 'vehicle', 'traffic', 'accident']"
inj_trans,"['driver', 'pickup', 'truck', 'van', 'injured', 'collision', 'car', 'pickup', 'truck', 'van', 'traffic', 'accident']"
inj_trans,"['passenger', 'pickup', 'truck', 'van', 'injured', 'collision', 'car', 'pickup', 'truck', 'van', 'traffic', 'accident']"
inj_trans,"['driver', 'pickup', 'truck', 'van', 'injured', 'collision', 'heavy', 'transport', 'vehicle', 'bus', 'traffic', 'accident']"
inj_trans,"['passenger', 'pickup', 'truck', 'van', 'injured', 'collision', 'heavy', 'transport', 'vehicle', 'bus', 'traffic', 'accident']"
inj_trans,"['unspecified', 'occupant', 'pickup', 'truck', 'van', 'injured', 'collision', 'railway', 'train', 'railway', 'vehicle', 'nontraffic', 'accident']"
inj_trans,"['driver', 'pickup', 'truck', 'van', 'injured', 'collision', 'fixed', 'stationary', 'object', 'traffic', 'accident']"
inj_trans,"['passenger', 'pickup', 'truck', 'van', 'injured', 'collision', 'fixed', 'stationary', 'object', 'traffic', 'accident']"
inj_trans,"['driver', 'pickup', 'truck', 'van', 'injured', 'noncollision', 'transport', 'accident', 'traffic', 'accident']"
inj_trans,"['passenger', 'pickup', 'truck', 'van', 'injured', 'noncollision', 'transport', 'accident', 'traffic', 'accident']"
inj_trans,"['person', 'outside', 'pickup', 'truck', 'van', 'injured', 'noncollision', 'transport', 'accident', 'traffic', 'accident']"
inj_trans,"['unspecified', 'occupant', 'pickup', 'truck', 'van', 'injured', 'noncollision', 'transport', 'accident', 'traffic', 'accident']"
inj_trans,"['driver', 'pickup', 'truck', 'van', 'injured', 'collision', 'unspecified', 'motor', 'vehicles', 'traffic', 'accident']"
inj_trans,"['passenger', 'pickup', 'truck', 'van', 'injured', 'collision', 'unspecified', 'motor', 'vehicles', 'traffic', 'accident']"
inj_trans,"['occupant', 'driver', 'passenger', 'pickup', 'truck', 'van', 'injured', 'unspecified', 'traffic', 'accident']"
inj_trans,"['driver', 'heavy', 'transport', 'vehicle', 'injured', 'collision', 'car', 'pickup', 'truck', 'van', 'traffic', 'accident']"
inj_trans,"['driver', 'heavy', 'transport', 'vehicle', 'injured', 'collision', 'heavy', 'transport', 'vehicle', 'bus', 'traffic', 'accident']"
inj_trans,"['driver', 'heavy', 'transport', 'vehicle', 'injured', 'collision', 'fixed', 'stationary', 'object', 'traffic', 'accident']"
inj_trans,"['person', 'boarding', 'alighting', 'heavy', 'transport', 'vehicle', 'injured', 'noncollision', 'transport', 'accident']"
inj_trans,"['driver', 'heavy', 'transport', 'vehicle', 'injured', 'noncollision', 'transport', 'accident', 'traffic', 'accident']"
inj_trans,"['passenger', 'heavy', 'transport', 'vehicle', 'injured', 'noncollision', 'transport', 'accident', 'traffic', 'accident']"
inj_trans,"['driver', 'heavy', 'transport', 'vehicle', 'injured', 'collision', 'unspecified', 'motor', 'vehicles', 'traffic', 'accident']"
inj_trans,"['passenger', 'bus', 'injured', 'collision', 'heavy', 'transport', 'vehicle', 'bus', 'traffic', 'accident']"
inj_trans,"['driver', 'bus', 'injured', 'noncollision', 'transport', 'accident', 'traffic', 'accident']"
inj_trans,"['passenger', 'bus', 'injured', 'noncollision', 'transport', 'accident', 'traffic', 'accident']"
inj_trans,"['animalrider', 'occupant', 'animaldrawn', 'vehicle', 'injured', 'unspecified', 'transport', 'accidents']"
inj_trans,"['driver', 'special', 'industrial', 'vehicle', 'injured', 'nontraffic', 'accident']"
inj_trans,"['person', 'outside', 'special', 'industrial', 'vehicle', 'injured', 'nontraffic', 'accident']"
inj_trans,"['driver', 'special', 'agricultural', 'vehicle', 'injured', 'nontraffic', 'accident']"
inj_trans,"['unspecified', 'occupant', 'special', 'agricultural', 'vehicle', 'injured', 'nontraffic', 'accident']"
inj_trans,"['person', 'outside', 'special', 'construction', 'vehicle', 'injured', 'traffic', 'accident']"
inj_trans,"['passenger', 'special', 'allterrain', 'offroad', 'motor', 'vehicle', 'injured', 'traffic', 'accident']"
inj_trans,"['driver', 'special', 'allterrain', 'offroad', 'motor', 'vehicle', 'injured', 'nontraffic', 'accident']"
inj_trans,"['unspecified', 'occupant', 'special', 'allterrain', 'offroad', 'motor', 'vehicle', 'injured', 'nontraffic', 'accident']"
inj_trans,"['drowning', 'submersion', 'due', 'falling', 'jumping', 'burning', 'watercraft']"
inj_trans,"['drowning', 'submersion', 'due', 'falling', 'jumping', 'crushed', 'watercraft']"
inj_trans,"['hit', 'struck', 'falling', 'object', 'due', 'accident', 'watercraft']"
inj_trans,"['drowning', 'submersion', 'due', 'washed', 'overboard', 'watercraft']"
inj_trans,"['unspecified', 'water', 'transport', 'accident']"
inj_trans,"['private', 'fixedwing', 'aircraft', 'accident', 'injuring', 'occupant']"
inj_trans,"['commercial', 'fixedwing', 'aircraft', 'accident', 'injuring', 'occupant']"
inj_trans,"['powered', 'aircraft', 'accidents', 'injuring', 'occupant']"
inj_trans,"['unspecified', 'aircraft', 'accident', 'injuring', 'occupant']"
inj_trans,"['hangglider', 'accident', 'injuring', 'occupant']"
inj_trans,"['nonpoweredaircraft', 'accidents', 'injuring', 'occupant']"
inj_trans,"['parachutist', 'accident']"
unintent,"['fall', 'due', 'ice', 'snow']"
unintent,"['fall', 'level', 'slipping', 'tripping', 'stumbling']"
unintent,"['fall', 'level', 'due', 'collision', 'another', 'person']"
unintent,"['fall', 'carried', 'supported', 'persons']"
unintent,"['fall', 'nonmoving', 'wheelchair', 'nonmotorized', 'scooter', 'motorized', 'mobility', 'scooter']"
unintent,"['fall', 'bed']"
unintent,"['fall', 'chair']"
unintent,"['fall', 'furniture']"
unintent,"['fall', 'stairs', 'steps']"
unintent,"['fall', 'ladder']"
unintent,"['fall', 'scaffolding']"
unintent,"['fall', 'building', 'structure']"
unintent,"['fall', 'tree']"
unintent,"['fall', 'cliff']"
unintent,"['fall', 'jump', 'diving', 'water']"
unintent,"['fall', 'one', 'level', 'another']"
unintent,"['slipping', 'tripping', 'stumbling', 'falls']"
unintent,"['unspecified', 'fall']"
unintent,"['struck', 'thrown', 'projected', 'falling', 'object']"
unintent,"['striking', 'struck', 'objects']"
unintent,"['caught', 'crushed', 'jammed', 'pinched', 'objects']"
unintent,"['contact', 'lifting', 'transmission', 'devices', 'elsewhere', 'classified']"
unintent,"['contact', 'sharp', 'glass']"
unintent,"['contact', 'sharp', 'objects']"
unintent,"['contact', 'nonpowered', 'hand', 'tool']"
unintent,"['contact', 'powered', 'hand', 'tools', 'household', 'machinery']"
unintent,"['contact', 'unspecified', 'machinery']"
unintent,"['accidental', 'discharge', 'malfunction', 'unspecified', 'firearms', 'guns']"
unintent,"['explosion', 'rupture', 'gas', 'cylinder']"
unintent,"['explosion', 'materials']"
unintent,"['foreign', 'body', 'object', 'entering', 'skin']"
unintent,"['contact', 'hypodermic', 'needle']"
unintent,"['exposure', 'inanimate', 'mechanical', 'forces']"
unintent,"['accidental', 'hit', 'strike', 'kick', 'twist', 'bite', 'scratch', 'another', 'person']"
unintent,"['accidental', 'striking', 'bumped', 'another', 'person']"
unintent,"['contact', 'dog']"
unintent,"['contact', 'mammals']"
unintent,"['accidental', 'drowning', 'submersion', 'bathtub']"
unintent,"['accidental', 'drowning', 'submersion', 'swimmingpool']"
unintent,"['accidental', 'drowning', 'submersion', 'natural', 'water']"
unintent,"['specified', 'cause', 'accidental', 'nontransport', 'drowning', 'submersion']"
unintent,"['unspecified', 'cause', 'accidental', 'drowning', 'submersion']"
unintent,"['exposure', 'electric', 'transmission', 'lines']"
unintent,"['exposure', 'specified', 'electric', 'current']"
unintent,"['exposure', 'excessive', 'heat', 'manmade', 'origin']"
unintent,"['exposure', 'high', 'low', 'air', 'pressure', 'changes', 'air', 'pressure']"
unintent,"['exposure', 'uncontrolled', 'fire', 'building', 'structure']"
unintent,"['exposure', 'controlled', 'fire', 'building', 'structure']"
unintent,"['exposure', 'controlled', 'fire', 'building', 'structure']"
unintent,"['exposure', 'ignition', 'highly', 'flammable', 'material']"
unintent,"['exposure', 'ignition', 'melting', 'nightwear']"
unintent,"['exposure', 'ignition', 'melting', 'clothing', 'apparel']"
unintent,"['exposure', 'specified', 'smoke', 'fire', 'flames']"
unintent,"['contact', 'hot', 'tapwater']"
unintent,"['contact', 'hot', 'household', 'appliances']"
unintent,"['exposure', 'excessive', 'natural', 'heat']"
unintent,"['exposure', 'excessive', 'natural', 'cold']"
unintent,"['exposure', 'sunlight']"
unintent,"['avalanche', 'landslide', 'earth', 'movements']"
unintent,"['exposure', 'forces', 'nature']"
unintent,"['exposure', 'specified', 'factors']"
intent,"['intentional', 'selfharm', 'drowning', 'submersion']"
intent,"['intentional', 'selfharm', 'handgun', 'discharge']"
intent,"['intentional', 'selfharm', 'rifle', 'shotgun', 'larger', 'firearm', 'discharge']"
intent,"['intentional', 'selfharm', 'unspecified', 'firearm', 'gun', 'discharge']"
intent,"['intentional', 'selfharm', 'explosive', 'material']"
intent,"['intentional', 'selfharm', 'smoke', 'fire', 'flames']"
intent,"['intentional', 'selfharm', 'sharp', 'object']"
intent,"['intentional', 'selfharm', 'blunt', 'object']"
intent,"['intentional', 'selfharm', 'jumping', 'high', 'place']"
unintent,"['intentional', 'selfharm', 'jumping', 'lying', 'front', 'moving', 'object']"
unintent,"['intentional', 'selfharm', 'crashing', 'motor', 'vehicle']"
unintent,"['intentional', 'selfharm', 'specified', 'means']"
unintent,"['assault', 'drowning', 'submersion']"
unintent,"['assault', 'handgun', 'discharge']"
unintent,"['assault', 'rifle', 'shotgun', 'larger', 'firearm', 'discharge']"
unintent,"['assault', 'unspecified', 'firearm', 'gun', 'discharge']"
unintent,"['assault', 'smoke', 'fire', 'flames']"
unintent,"['assault', 'sharp', 'object']"
intent,"['assault', 'crashing', 'motor', 'vehicle']"
intent,"['assault', 'bodily', 'force']"
intent,"['assault', 'specified', 'means']"
intent,"['assault', 'unspecified', 'means']"
intent,"['drowning', 'submersion', 'undetermined', 'intent']"
intent,"['unspecified', 'firearm', 'discharge', 'undetermined', 'intent']"
intent,"['exposure', 'smoke', 'fire', 'flames', 'undetermined', 'intent']"
intent,"['contact', 'sharp', 'object', 'undetermined', 'intent']"
intent,"['falling', 'lying', 'running', 'moving', 'object', 'undetermined', 'intent']"
intent,"['crashing', 'motor', 'vehicle', 'undetermined', 'intent']"
intent,"['specified', 'events', 'undetermined', 'intent']"
unintent,"['specified', 'misadventures', 'surgical', 'medical', 'care']"
unintent,"['miscellaneous', 'radiological', 'devices', 'associated', 'adverse', 'incidents', 'elsewhere', 'classified']"
unintent,"['therapeutic', 'nonsurgical', 'rehabilitative', 'orthopedic', 'devices', 'associated', 'adverse', 'incidents']"
unintent,"['surgical', 'operation', 'implant', 'artificial', 'internal', 'device', 'cause', 'abnormal', 'reaction', 'patient', 'later', 'complication', 'without', 'mention', 'misadventure', 'time', 'procedure']"
unintent,"['surgical', 'operation', 'anastomosis', 'bypass', 'graft', 'cause', 'abnormal', 'reaction', 'patient', 'later', 'complication', 'without', 'mention', 'misadventure', 'time', 'procedure']"
unintent,"['surgical', 'operation', 'formation', 'external', 'stoma', 'cause', 'abnormal', 'reaction', 'patient', 'later', 'complication', 'without', 'mention', 'misadventure', 'time', 'procedure']"
unintent,"['reconstructive', 'surgery', 'cause', 'abnormal', 'reaction', 'patient', 'later', 'complication', 'without', 'mention', 'misadventure', 'time', 'procedure']"
unintent,"['amputation', 'limbs', 'cause', 'abnormal', 'reaction', 'patient', 'later', 'complication', 'without', 'mention', 'misadventure', 'time', 'procedure']"
unintent,"['removal', 'organ', 'partial', 'total', 'cause', 'abnormal', 'reaction', 'patient', 'later', 'complication', 'without', 'mention', 'misadventure', 'time', 'procedure']"
unintent,"['surgical', 'procedures', 'cause', 'abnormal', 'reaction', 'patient', 'later', 'complication', 'without', 'mention', 'misadventure', 'time', 'procedure']"
unintent,"['surgical', 'procedure', 'unspecified', 'cause', 'abnormal', 'reaction', 'patient', 'later', 'complication', 'without', 'mention', 'misadventure', 'time', 'procedure']"
unintent,"['kidney', 'dialysis', 'cause', 'abnormal', 'reaction', 'patient', 'later', 'complication', 'without', 'mention', 'misadventure', 'time', 'procedure']"
unintent,"['aspiration', 'fluid', 'cause', 'abnormal', 'reaction', 'patient', 'later', 'complication', 'without', 'mention', 'misadventure', 'time', 'procedure']"
unintent,"['urinary', 'catheterization', 'cause', 'abnormal', 'reaction', 'patient', 'later', 'complication', 'without', 'mention', 'misadventure', 'time', 'procedure']"
unintent,"['medical', 'procedures', 'cause', 'abnormal', 'reaction', 'patient', 'later', 'complication', 'without', 'mention', 'misadventure', 'time', 'procedure']"
